label,degree,base_field_label,base_field_degree,sigma_invariants,citations,family,original_model,monic_centered,chebyshev_model,reduced_model,newton_model,display_model,is_polynomial,is_chebyshev,is_newton,is_lattes,is_pcf,automorphism_group_cardinality,rational_twists,critical_portrait_cardinality,post_critical_cardinality,critical_portrait_components,critical_portrait_structure,critical_portrait_graph_id
1.2.f7db9eed.1,2,1.1.1.1,1,"(""{1,-2,-1}"",""{5,6,1,0,0}"",""{19,253,2065,12173,47054,92540,4171,-902312,-79507}"")",,{},"(""{{2,1,1},{-1,3,3}}"",49,{7},1.0986122886681098,1.1.1.1,""{1,0,0,1}"",1.1.1.1)",,,"(""{{2,1,1},{-1,3,3}}"",49,{7},1.0986122886681098,1.1.1.1,""{-1,0,0,-1}"",1.1.1.1)",,reduced,f,f,f,f,f,1,,,,,,
1.2.89eb0e1e.1,2,1.1.1.1,1,"(""{-2,0,-4}"",""{-4,-32,208,-384,256}"",""{-8,-192,192,5632,-12288,-45056,229376,-393216,262144}"")",,{},"(""{{2,4,4},{-1,0,4}}"",80,""{2,5}"",1.3862943611198906,1.1.1.1,""{1,0,0,1}"",1.1.1.1)",,,"(""{{2,4,4},{-1,0,4}}"",80,""{2,5}"",1.3862943611198906,1.1.1.1,""{0,-2,1,0}"",1.1.1.1)",,reduced,f,f,f,f,t,1,,7,5,{7},{7},
1.3.73d4f185.1,3,1.1.1.1,1,"(""{3,3,31/4,0}"",""{81,2556,657003/16,5828463/16,12090807/8,-237228405/256,-4100297625/128,-14549503509/256,1058040589321/4096,0}"",""{675,227799,3251795067/64,535268019285/64,1075744324422,14307668308889289/128,39224082911540502807/4096,1402601286818678239593/2048,2698442019190472471174469/65536,547214129546480123352412653/262144,2924852073394917211622461701/32768,26962128150693706424995457345793/8388608,1632219988723359386687161139493477/16777216,41547448874644297301538931299126219/16777216,28636249733256443646284377594979856597/536870912,1059443761727252431238552896397061886371/1073741824,17181953514214989075456505996653076260267/1073741824,1980619588677006989457130651851700749943215/8589934592,201839855184552479622418882638533431574155953/68719476736,2257310111651722281693933371590871546341017135/68719476736,360565588322083100195267498602689481162970995881/1099511627776,12855358046529910519607456930796376790931204833595/4398046511104,94147264432864080557353274886279607678556418767061/4398046511104,37304606869251134026974044160349696959417099891219237/281474976710656,7473501998459276594902554761994221877405281531897961/8796093022208,386873471499533313912718736893612259339419753054140945/281474976710656,205504475613645202748310181522469709661461653921330259043/18014398509481984,0}"")",{1},{},"(""{{2,0,2,1},{0,0,0,2}}"",64,{2},0.6931471805599453,1.1.1.1,""{1,0,0,1}"",1.1.1.1)","(""{{1,0,1,1/2},{0,0,0,1}}"",1,{2},,1.1.1.1,""{1,0,0,1}"",1.1.1.1)",,"(""{{2,0,2,1},{0,0,0,2}}"",64,{2},0.6931471805599453,1.1.1.1,""{1,0,0,1}"",1.1.1.1)",,monic centered,t,f,f,f,f,1,,,,,,
1.2.99c8f6a4.1,2,1.1.1.1,1,"(""{-1,0,-3}"",""{-3,-6,37,-60,36}"",""{-7,39,-287,809,-3954,9736,-23023,45630,-59319}"")",,{},"(""{{2,3,3},{-1,1,3}}"",51,""{3,17}"",1.0986122886681098,1.1.1.1,""{1,0,0,1}"",1.1.1.1)",,,"(""{{2,3,3},{-1,1,3}}"",51,""{3,17}"",1.0986122886681098,1.1.1.1,""{1,0,0,1}"",1.1.1.1)",,reduced,f,f,f,f,f,1,,,,,,
1.2.a68cf1ff.1,2,1.1.1.1,1,"(""{2,0,0}"",""{12,48,64,0,0}"",""{56,1344,17920,143360,688128,1835008,2097152,0,0}"")",{4},{1.2.c654b77e.1},"(""{{1,0,0},{0,0,1}}"",1,{},0,1.1.1.1,""{1,0,0,1}"",1.1.1.1)","(""{{1,0,0},{0,0,1}}"",1,{},,1.1.1.1,""{1,0,0,1}"",1.1.1.1)",,"(""{{1,0,0},{0,0,1}}"",1,{},0,1.1.1.1,""{1,0,0,1}"",1.1.1.1)","(""{{-1,0,0},{0,-2,1}}"",1,{},0.6931471805599453,1.1.1.1,""{0,1,-1}"",""{-1,0,-1,1}"",1.1.1.1)",monic centered,t,f,t,f,t,2,,2,2,"{1,1}","{1,1}",
1.2.6d3c5427.1,2,1.1.1.1,1,"(""{-2,1,-4}"",""{-4,-18,124,-231,144}"",""{-8,-44,-104,-274,-664,-988,-824,-359,-64}"")",,{},"(""{{2,4,4},{-1,0,3}}"",52,""{2,13}"",1.3862943611198906,1.1.1.1,""{1,0,0,1}"",1.1.1.1)",,,"(""{{2,4,4},{-1,0,3}}"",52,{13},1.3862943611198906,1.1.1.1,""{-1,-2,1,0}"",1.1.1.1)",,reduced,f,f,f,f,f,1,,,,,,
1.2.a29cd270.1,2,1.1.1.1,1,"(""{-1,1,-3}"",""{-3,-2,18,-23,9}"",""{-7,70,-384,1836,-7446,21386,-57800,93347,-132651}"")",,{},"(""{{2,3,3},{-1,1,2}}"",34,""{2,17}"",1.0986122886681098,1.1.1.1,""{1,0,0,1}"",1.1.1.1)",,,"(""{{2,3,3},{-1,1,2}}"",34,""{2,17}"",1.0986122886681098,1.1.1.1,""{1,0,0,1}"",1.1.1.1)",,reduced,f,f,f,f,f,1,,,,,,
1.2.1a2a6bbf.1,2,1.1.1.1,1,"(""{2,4,0}"",""{12,16,0,1024,0}"",""{56,1600,21504,73728,-2555904,-30146560,-52428800,2097152000,0}"")",{4},{1.2.c654b77e.1},"(""{{1,0,1},{0,0,1}}"",1,{},0,1.1.1.1,""{1,0,0,1}"",1.1.1.1)","(""{{1,0,1},{0,0,1}}"",1,{},,1.1.1.1,""{1,0,0,1}"",1.1.1.1)",,"(""{{1,0,1},{0,0,1}}"",1,{},0,1.1.1.1,""{1,0,0,1}"",1.1.1.1)",,monic centered,t,f,f,f,f,1,,,,,,
1.2.1b7a8a86.1,2,1.1.1.1,1,"(""{-2,-1,-4}"",""{-4,-50,316,-535,400}"",""{-8,-436,680,38238,-113880,-1006564,6005048,-11119031,7529536}"")",,{},"(""{{2,4,4},{-1,0,5}}"",116,""{2,29}"",1.6094379124341003,1.1.1.1,""{1,0,0,1}"",1.1.1.1)",,,"(""{{2,4,4},{-1,0,5}}"",116,""{2,29}"",1.6094379124341003,1.1.1.1,""{1,0,0,1}"",1.1.1.1)",,reduced,f,f,f,f,f,1,,,,,,
1.3.f1d8a4f8.1,3,1.1.1.1,1,"(""{12,21,10,0}"",""{108,3420,287112,4277286,195791184,1988003100,7063366104,8926200801,3659040100,0}"",""{918,309933,369018432,24766856838,45951892209036,-321525649182042,1376519762033197704,-66744739065154563261,-36785142596753355946326,-135577430316622004800113,1428498532102431162594446856,19055574443459855076809337252,-18367316040372096937575806772696,-739448848010165073460939951071804,240194062098026254234740201370235280,10255729242909837934710723137328067383,-1273513883692323055173293553685163038134,-88244957874840435670169471243891148352581,6940612016109854514928821601203167567286288,438708797704521335985858748634205662334380790,10151326353124527887595061448426842786699766028,127485430580411652661351268198670702179453867958,950799729699698536809172567356148694360114518248,4199043116373806723873940031118422442879310784101,10130827283761996371534984621156113842060735429302,10888190287089813551331354013750213230044850197481,4123372175453471726085158196975919845521895481000,0}"")",{1},{},"(""{{1,0,-2,2},{0,0,0,1}}"",1,{},0.6931471805599453,1.1.1.1,""{1,0,0,1}"",1.1.1.1)","(""{{1,0,-2,2},{0,0,0,1}}"",1,{},,1.1.1.1,""{1,0,0,1}"",1.1.1.1)",,"(""{{1,0,-2,2},{0,0,0,1}}"",1,{},0.6931471805599453,1.1.1.1,""{1,0,0,1}"",1.1.1.1)",,monic centered,t,f,f,f,f,1,,,,,,
1.2.705cf5d2.1,2,1.1.1.1,1,"(""{-1,-1,-3}"",""{-3,-14,66,-99,81}"",""{-7,-28,8,118,106,-92,-208,-127,-27}"")",,{},"(""{{2,3,3},{-1,1,4}}"",76,""{2,19}"",1.3862943611198906,1.1.1.1,""{1,0,0,1}"",1.1.1.1)",,,"(""{{2,3,3},{-1,1,4}}"",76,{19},1.3862943611198906,1.1.1.1,""{1,-1,1,1}"",1.1.1.1)",,reduced,f,f,f,f,f,1,,,,,,
1.2.b5876aa4.1,2,1.1.1.1,1,"(""{2,-4,0}"",""{12,16,0,0,0}"",""{56,1088,14336,114688,655360,1835008,2097152,-16777216,0}"")",{4},{1.2.c654b77e.1},"(""{{1,0,-1},{0,0,1}}"",1,{},0,1.1.1.1,""{1,0,0,1}"",1.1.1.1)","(""{{1,0,-1},{0,0,1}}"",1,{},,1.1.1.1,""{1,0,0,1}"",1.1.1.1)",,"(""{{1,0,-1},{0,0,1}}"",1,{},0,1.1.1.1,""{1,0,0,1}"",1.1.1.1)",,monic centered,t,f,f,f,t,1,,3,3,"{2,1}","{2,1}",
1.2.1a215203.1,2,1.1.1.1,1,"(""{-2,1/2,-4}"",""{-4,-49/2,163,-4879/16,196}"",""{-8,-215/2,23,33483/32,-17583/8,-311471/128,1164425/64,-111437423/4096,103823/8}"")",,{},"(""{{4,8,8},{-2,0,7}}"",1040,""{2,5,13}"",2.0794415416798357,1.1.1.1,""{1,0,0,1}"",1.1.1.1)",,,"(""{{4,8,8},{-2,0,7}}"",1040,""{2,5,13}"",2.0794415416798357,1.1.1.1,""{1,0,0,1}"",1.1.1.1)",,reduced,f,f,f,f,f,1,,,,,,
1.2.97f68957.1,2,1.1.1.1,1,"(""{-1,1/2,-3}"",""{-3,-7/2,105/4,-639/16,81/4}"",""{-7,115/2,-2807/8,44213/32,-395615/64,2082443/128,-22646375/512,313015625/4096,-52734375/512}"")",,{},"(""{{4,6,6},{-2,2,5}}"",664,""{2,83}"",1.791759469228055,1.1.1.1,""{1,0,0,1}"",1.1.1.1)",,,"(""{{4,6,6},{-2,2,5}}"",664,""{2,83}"",1.791759469228055,1.1.1.1,""{1,0,0,1}"",1.1.1.1)",,reduced,f,f,f,f,f,1,,,,,,
1.2.e77de3d5.1,2,1.1.1.1,1,"(""{-2,-1/2,-4}"",""{-4,-81/2,259,-7407/16,324}"",""{-8,-601/2,409,527803/32,-341471/8,-33646001/128,90509719/64,-10273309199/4096,13997521/8}"")",,{},"(""{{4,8,8},{-2,0,9}}"",1552,""{2,97}"",2.1972245773362196,1.1.1.1,""{1,0,0,1}"",1.1.1.1)",,,"(""{{4,8,8},{-2,0,9}}"",1552,""{2,97}"",2.1972245773362196,1.1.1.1,""{1,0,0,1}"",1.1.1.1)",,reduced,f,f,f,f,f,1,,,,,,
1.2.7d9f0411.1,2,1.1.1.1,1,"(""{-1,-1/2,-3}"",""{-3,-19/2,201/4,-1295/16,225/4}"",""{-7,23/2,-1389/8,7677/32,-73227/64,410503/128,-2078809/512,40585049/4096,-8120601/512}"")",,{},"(""{{4,6,6},{-2,2,7}}"",1000,""{2,5}"",1.9459101490553132,1.1.1.1,""{1,0,0,1}"",1.1.1.1)",,,"(""{{4,6,6},{-2,2,7}}"",1000,""{2,5}"",1.9459101490553132,1.1.1.1,""{-2,-1,1,-2}"",1.1.1.1)",,reduced,f,f,f,f,f,1,,,,,,
1.3.431e08a7.1,3,1.1.1.1,1,"(""{3,3,109,0}"",""{81,2556,78348,1867158,10483974,423748380,8045130060,14852067921,7872339681361,0}"",""{675,227799,66616353,15628040910,2541980464362,357936918690618,32495841620739702,-1836720205454865429,-669756867628487869311,-135806065294014154980603,-19741212249975602850059613,722520677773263213405438516,235446015043729021336515954972,38858400673366569114071228117724,8388431939853795985562115455450436,-248662719309710140049276406318614841,-70457220780024118777040044059825089547,-4602528233392468443073341018221171099535,-1816453602266402801438606476689551030799657,89524111515998517558453976778638900380664350,19493380398233687121341254654495755369238181466,220716137023301069680401899219193609312922575690,147487690030548883968845590222946357652664686498534,-12320522493550764124455089570218526992519400124338643,-2310682861627153096638090190812672966001738852159346553,-4583815192275094120882944296292512474579524165123897005,15457654066848836270105278382836838512663914795031198949317,0}"")",{1},{},"(""{{1,0,1,2},{0,0,0,1}}"",1,{},0.6931471805599453,1.1.1.1,""{1,0,0,1}"",1.1.1.1)","(""{{1,0,1,2},{0,0,0,1}}"",1,{},,1.1.1.1,""{1,0,0,1}"",1.1.1.1)",,"(""{{1,0,1,2},{0,0,0,1}}"",1,{},0.6931471805599453,1.1.1.1,""{1,0,0,1}"",1.1.1.1)",,monic centered,t,f,f,f,f,1,,,,,,
1.2.095ed92d.1,2,1.1.1.1,1,"(""{-2,2,-4}"",""{-4,-8,64,-112,64}"",""{-8,32,-256,384,-3072,2048,-16384,4096,-32768}"")",,{},"(""{{2,4,4},{-1,0,2}}"",32,{2},1.3862943611198906,1.1.1.1,""{1,0,0,1}"",1.1.1.1)",,,"(""{{2,4,4},{-1,0,2}}"",32,{2},1.3862943611198906,1.1.1.1,""{0,-2,1,1}"",1.1.1.1)",,reduced,f,f,f,t,t,1,,6,4,{6},{6},
1.2.54b6b1e7.1,2,1.1.1.1,1,"(""{-1,2,-3}"",""{-3,-2,9,0,0}"",""{-7,89,-433,2701,-9218,33676,-76627,145844,-185193}"")",,{},"(""{{2,3,3},{-1,1,1}}"",25,{5},1.0986122886681098,1.1.1.1,""{1,0,0,1}"",1.1.1.1)",,,"(""{{2,3,3},{-1,1,1}}"",25,{5},1.0986122886681098,1.1.1.1,""{1,-1,0,1}"",1.1.1.1)",,reduced,f,f,f,f,f,1,,,,,,
1.2.a35a25cc.1,2,1.1.1.1,1,"(""{-6,12,-8}"",""{12,48,64,0,0}"",""{-72,2304,-43008,516096,-4128768,22020096,-75497472,150994944,-134217728}"")",,{},"(""{{1,-2,0},{0,-2,1}}"",-3,{3},0.6931471805599453,1.1.1.1,""{1,0,0,1}"",1.1.1.1)",,,"(""{{1,-2,0},{0,-2,1}}"",-3,{3},0.6931471805599453,1.1.1.1,""{1,0,1,1}"",1.1.1.1)",,reduced,f,f,f,f,t,6,"{1.2.a35a25cc.2,1.2.a35a25cc.3}",2,2,{2},{2},
1.2.a35a25cc.2,2,1.1.1.1,1,"(""{-6,12,-8}"",""{12,48,64,0,0}"",""{-72,2304,-43008,516096,-4128768,22020096,-75497472,150994944,-134217728}"")",,{},"(""{{0,4,-12},{3,0,-2}}"",1200,""{2,3,5}"",2.4849066497880004,1.1.1.1,""{1,0,0,1}"",1.1.1.1)",,,"(""{{0,4,-12},{3,0,-2}}"",1200,""{2,3}"",2.4849066497880004,1.1.1.1,""{-2,-4,1,-3}"",1.1.1.1)",,reduced,f,f,f,f,t,6,"{1.2.a35a25cc.1,1.2.a35a25cc.3}",2,2,{2},{2},
1.2.08d15f83.1,2,1.1.1.1,1,"(""{-2,-2,-4}"",""{-4,-72,448,-624,576}"",""{-8,-800,1408,143744,-526336,-8046592,58040320,-115601408,71991296}"")",,{},"(""{{2,4,4},{-1,0,6}}"",160,""{2,5}"",1.791759469228055,1.1.1.1,""{1,0,0,1}"",1.1.1.1)",,,"(""{{2,4,4},{-1,0,6}}"",160,""{2,5}"",1.791759469228055,1.1.1.1,""{0,-2,1,0}"",1.1.1.1)",,reduced,f,f,f,f,f,1,,,,,,
1.2.dd190b73.1,2,1.1.1.1,1,"(""{-1,-2,-3}"",""{-3,-26,105,-104,144}"",""{-7,-155,651,5949,-27930,-49804,425725,-730000,421875}"")",,{},"(""{{2,3,3},{-1,1,5}}"",109,{109},1.6094379124341003,1.1.1.1,""{1,0,0,1}"",1.1.1.1)",,,"(""{{2,3,3},{-1,1,5}}"",109,{109},1.6094379124341003,1.1.1.1,""{1,0,0,1}"",1.1.1.1)",,reduced,f,f,f,f,f,1,,,,,,
1.2.60595ac2.1,2,1.1.1.1,1,"(""{2,8,0}"",""{12,-80,-192,9216,0}"",""{56,3392,46592,962560,-48594944,303824896,757071872,920599396352,0}"")",{4},{1.2.c654b77e.1},"(""{{1,0,2},{0,0,1}}"",1,{},0.6931471805599453,1.1.1.1,""{1,0,0,1}"",1.1.1.1)","(""{{1,0,2},{0,0,1}}"",1,{},,1.1.1.1,""{1,0,0,1}"",1.1.1.1)",,"(""{{1,0,2},{0,0,1}}"",1,{},0.6931471805599453,1.1.1.1,""{1,1,0,1}"",1.1.1.1)",,monic centered,t,f,f,f,f,1,,,,,,
1.2.f86af7b7.1,2,1.1.1.1,1,"(""{1/2,0,-3/2}"",""{9/4,3,11/2,6,9/4}"",""{61/8,417/4,2411/8,2222,-12027/4,10069,-191063/2,218484,-132651}"")",,{},"(""{{4,3,3},{-2,5,3}}"",480,""{2,3,5}"",1.6094379124341003,1.1.1.1,""{1,0,0,1}"",1.1.1.1)",,,"(""{{4,3,3},{-2,5,3}}"",480,""{2,3,5}"",1.6094379124341003,1.1.1.1,""{-1,-2,1,-2}"",1.1.1.1)",,reduced,f,f,f,f,f,1,,,,,,
1.3.423d4b7a.1,3,1.1.1.1,1,"(""{0,-3,2,0}"",""{108,3420,27912,101574,201456,234588,160920,60417,9604,0}"",""{486,163917,37720800,6962514246,1017303750252,124263227237670,12475175464250568,1055831095482744195,73383810760996290330,4237668853228843515567,194299326859417210058472,7087929639792235625173284,189260841872746444146140520,3773552749207919199374502852,57791639952195434688584546064,696912458407131440936501613495,6719346656525303479411881793146,52156951612666717498602379920795,325331243628734779066331657696880,1610120314001038224069438288630966,6143692075479133341336723353459436,16957404960472111121294910575724342,28644078531050373319190024543156520,7965176692545998012055907258089381,-77054503072556373771820977800199738,-120430524842139040848204584282299575,135779589125050342306745742383805128,0}"")",{1},{},"(""{{1,0,2,0},{0,0,0,1}}"",1,{},0.6931471805599453,1.1.1.1,""{1,0,0,1}"",1.1.1.1)","(""{{1,0,2,0},{0,0,0,1}}"",1,{},,1.1.1.1,""{1,0,0,1}"",1.1.1.1)",,,,monic centered,t,f,f,f,f,2,,,,,,
1.2.269d6d4e.1,2,1.1.1.1,1,"(""{1/2,1,-3/2}"",""{9/4,-1/2,21/4,19,9}"",""{61/8,1651/16,3441/16,106299/64,-552441/64,560627/256,-70668763/512,116133431/256,-89314623/512}"")",,{},"(""{{4,3,3},{-2,5,1}}"",412,""{2,103}"",1.6094379124341003,1.1.1.1,""{1,0,0,1}"",1.1.1.1)",,,"(""{{4,3,3},{-2,5,1}}"",412,""{2,103}"",1.6094379124341003,1.1.1.1,""{-1,0,1,-1}"",1.1.1.1)",,reduced,f,f,f,f,f,1,,,,,,
1.2.a6935bbd.1,2,1.1.1.1,1,"(""{2,-8,0}"",""{12,-80,-192,1024,0}"",""{56,-704,-10752,110592,688128,-6553600,-14680064,134217728,0}"")",{4},{1.2.c654b77e.1},"(""{{1,0,-2},{0,0,1}}"",1,{},0.6931471805599453,1.1.1.1,""{1,0,0,1}"",1.1.1.1)","(""{{1,0,-2},{0,0,1}}"",1,{},,1.1.1.1,""{1,0,0,1}"",1.1.1.1)","(""{{2,0,-1},{0,0,1}}"",4,{2},0.6931471805599453,1.1.1.1,""{2,0,0,1}"",1.1.1.1)","(""{{1,0,-2},{0,0,1}}"",1,{},0.6931471805599453,1.1.1.1,""{1,1,0,1}"",1.1.1.1)",,chebyshev,t,t,f,f,t,1,,4,3,"{3,1}","{3,1}",
1.2.a35a25cc.3,2,1.1.1.1,1,"(""{-6,12,-8}"",""{12,48,64,0,0}"",""{-72,2304,-43008,516096,-4128768,22020096,-75497472,150994944,-134217728}"")",,{},"(""{{0,4,-21},{1,0,-2}}"",409,{409},3.044522437723423,1.1.1.1,""{1,0,0,1}"",1.1.1.1)",,,"(""{{0,4,-21},{1,0,-2}}"",409,{409},3.044522437723423,1.1.1.1,""{1,-3,0,1}"",1.1.1.1)",,reduced,f,f,f,f,t,6,"{1.2.a35a25cc.1,1.2.a35a25cc.2}",2,2,{2},{2},
1.3.5fe37194.1,3,1.1.1.1,1,"(""{6,9,0,0}"",""{72,2268,40824,459270,3306744,14880348,38263752,43046721,0,0}"",""{702,236925,51175800,7945042950,943871102460,89195819182470,6880820336933400,441232604105854275,23826560621716130850,1093639132536770406015,42950191386898619581680,1449568959307828410881700,42149005124489164562560200,1056735771335406911532759300,22825492660844789289107600880,423698207516931401179059841335,6729324472327734018726244538850,90845880376424409252804301274475,1032774219016193284137143635541400,9759716369703026535096007355866230,75289240566280490413597771030968060,462002158020357554810713594962758550,2169401437660809387806829054607735800,7321729852105231683848048059301108325,15814936480547300437111783808090393982,16423203268260658146231467800709255289,0,0}"")",{1},{1.3.ccc0a6ff.1},"(""{{1,0,0,0},{0,0,0,1}}"",1,{},0,1.1.1.1,""{1,0,0,1}"",1.1.1.1)","(""{{1,0,0,0},{0,0,0,1}}"",1,{},,1.1.1.1,""{1,0,0,1}"",1.1.1.1)",,"(""{{1,0,0,0},{0,0,0,1}}"",1,{},0,1.1.1.1,""{1,0,0,1}"",1.1.1.1)",,monic centered,t,f,f,f,t,4,,2,2,"{1,1}","{1,1}",
1.2.cbbd4b53.1,2,1.1.1.1,1,"(""{1/2,-1,-3/2}"",""{9/4,5/2,9/4,0,0}"",""{61/8,1829/16,3205/8,200737/64,13135/16,5133061/256,-47514509/512,26643659/256,-72511713/512}"")",,{},"(""{{4,3,3},{-2,5,5}}"",676,""{2,13}"",1.6094379124341003,1.1.1.1,""{1,0,0,1}"",1.1.1.1)",,,"(""{{4,3,3},{-2,5,5}}"",676,""{2,13}"",1.6094379124341003,1.1.1.1,""{1,0,0,1}"",1.1.1.1)",,reduced,f,f,f,f,f,1,,,,,,
1.2.98b02f9b.1,2,1.1.1.1,1,"(""{2,4/3,0}"",""{12,400/9,512/9,4096/81,0}"",""{56,36544/27,487424/27,34242560/243,455081984/729,27267432448/19683,27143438336/19683,1333906112512/531441,0}"")",{4},{1.2.c654b77e.1},"(""{{3,0,1},{0,0,3}}"",81,{3},1.0986122886681098,1.1.1.1,""{1,0,0,1}"",1.1.1.1)","(""{{1,0,1/3},{0,0,1}}"",1,{3},,1.1.1.1,""{1,0,0,1}"",1.1.1.1)",,"(""{{3,0,1},{0,0,3}}"",81,{3},1.0986122886681098,1.1.1.1,""{1,1,0,3}"",1.1.1.1)",,monic centered,t,f,f,f,f,1,,,,,,
1.3.ad8ccd97.1,3,1.1.1.1,1,"(""{3/2,0,0,0}"",""{-99/20,-4131/25,-7047/50,209952/25,4940433/100,2716254/25,2125764/25,0,0,0}"",""{-7641/40,1066527/100,239128767/4000,-204586538859/10000,68307249545181/400000,20377850047474149/1000000,-1433759565172138983/8000000,-724259949176165592429/50000000,1552669497633273797817/31250000,234191780306399281830057/31250000,323175821117908521791151/9765625,-1215514038338736442505218179/488281250,-8588721989665911418733693754/244140625,3027870602712839912713506864/9765625,2982580686049653716087099383488/244140625,21872320331066392896453859555392/244140625,-263239236669680651040671345620608/244140625,-7704716676906913082181722546942976/244140625,-89822643612765929356348332727547904/244140625,-130678614989709801273192920876863488/48828125,-3224893175855650252502423117995474944/244140625,-10888055214653518531809082057147908096/244140625,-24221737196946609911013598708921270272/244140625,-32093153551666222399299865302660022272/244140625,-19202551709584221712600473422090207232/244140625,0,0,0}"")",,{},"(""{{2,3,0,-1},{0,3,6,0}}"",270,""{2,3,5}"",1.791759469228055,1.1.1.1,""{1,0,0,1}"",1.1.1.1)",,,"(""{{2,3,0,-1},{0,3,6,0}}"",270,""{2,3,5}"",1.791759469228055,1.1.1.1,""{1,-1,0,1}"",1.1.1.1)","(""{{2,3,0,-1},{0,3,6,0}}"",270,""{2,3,5}"",1.791759469228055,1.1.1.1,""{1,0,3,1}"",""{1,0,0,1}"",1.1.1.1)",reduced,f,f,t,f,t,1,,6,5,"{3,1,1,1}","{3,1,1,1}",
1.2.37c2e255.1,2,1.1.1.1,1,"(""{1/2,1/2,-3/2}"",""{9/4,7/4,93/16,171/16,81/16}"",""{61/8,3235/32,31939/128,919223/512,-2893777/512,986113/256,-28280245/256,145274599/512,-72511713/512}"")",,{},"(""{{4,3,3},{-2,5,2}}"",430,""{2,5,43}"",1.6094379124341003,1.1.1.1,""{1,0,0,1}"",1.1.1.1)",,,"(""{{4,3,3},{-2,5,2}}"",430,""{2,5,43}"",1.6094379124341003,1.1.1.1,""{1,0,0,1}"",1.1.1.1)",,reduced,f,f,f,f,f,1,,,,,,
1.2.ea7e69fe.1,2,1.1.1.1,1,"(""{2,-4/3,0}"",""{12,400/9,512/9,1024/81,0}"",""{56,36032/27,480256/27,35004416/243,518193152/729,38858915840/19683,45485129728/19683,-204128387072/531441,0}"")",{4},{1.2.c654b77e.1},"(""{{3,0,-1},{0,0,3}}"",81,{3},1.0986122886681098,1.1.1.1,""{1,0,0,1}"",1.1.1.1)","(""{{1,0,-1/3},{0,0,1}}"",1,{3},,1.1.1.1,""{1,0,0,1}"",1.1.1.1)",,"(""{{3,0,-1},{0,0,3}}"",81,{3},1.0986122886681098,1.1.1.1,""{1,0,0,3}"",1.1.1.1)",,monic centered,t,f,f,f,f,1,,,,,,
1.3.b00ed9b9.1,3,1.1.1.1,1,"(""{9,15,2,0}"",""{81,2556,59799,869157,9358884,60657375,196105887,243670941,5098564,0}"",""{729,246051,58606407,10086238665,1358719451793,142633521920142,11917747221408585,786842194456309005,41502981963223759470,1819509146611592623614,73045206438997458841938,2839206283746497321101533,101697366391096778502691887,3115050835560517066980533688,87747781729914874481224030002,2494367607756669123475216504836,66341142428412589114035706557444,1402353761731056094103237466010704,27786440022449353794518166212393727,581795461067180595639787836029976750,10087775848085294845333193921530016616,119667530421902491678487731269326369328,912431252913873280915549805781603630453,4283511674048159943388996595012713529634,11298791689216959033447546781562423757885,12855100110020025054484322515716148913937,39814208977719598325649903421987953992,0}"")",{1},{},"(""{{1,0,-1,1},{0,0,0,1}}"",1,{},0,1.1.1.1,""{1,0,0,1}"",1.1.1.1)","(""{{1,0,-1,1},{0,0,0,1}}"",1,{},,1.1.1.1,""{1,0,0,1}"",1.1.1.1)",,"(""{{1,0,-1,1},{0,0,0,1}}"",1,{},0,1.1.1.1,""{1,0,0,1}"",1.1.1.1)",,monic centered,t,f,f,f,f,1,,,,,,
1.2.f5b499eb.1,2,1.1.1.1,1,"(""{1/2,-1/2,-3/2}"",""{9/4,13/4,69/16,43/16,9/16}"",""{61/8,3509/32,45627/128,1402173/512,-388419/512,4316723/256,-22992299/256,90335197/512,-69426531/512}"")",,{},"(""{{4,3,3},{-2,5,4}}"",562,""{2,281}"",1.6094379124341003,1.1.1.1,""{1,0,0,1}"",1.1.1.1)",,,"(""{{4,3,3},{-2,5,4}}"",562,""{2,281}"",1.6094379124341003,1.1.1.1,""{1,0,0,1}"",1.1.1.1)",,reduced,f,f,f,f,f,1,,,,,,
1.4.7e1406dd.1,4,1.1.1.1,1,"(""{-4,-8,64,-112,64}"",""{-16,-128,4608,-33792,-24576,1605632,-7208960,-10092544,184549376,-461373440,-973078528,7449083904,-11274289152,-19327352832,94489280512,-133143986176,68719476736}"",""{-64,-2048,303104,-8978432,-52953088,8564768768,-137136963584,-2340891394048,100250979139584,-401493542830080,-31359583452659712,480465690617184256,4151571188528709632,-165609602459900051456,474765532067723739136,32263327237420334710784,-346203556830189266665472,-3434422305633024264372224,83071501594140338649300992,-970317185021196124553216,-12252192973887074988135022592,73171314292916766513022631936,1154724962199555444898174861312,-15067592288317807515151521284096,-50754990944989756807275014520832,1838977404590080747441998587232256,-3884904940024803257745641673064448,-152137449193337452415702311911817216,1021589494850288798826304988174614528,8002017357523199475676650788676960256,-112144817659856868406257162145578876928,-122869685876807837110389863722910744576,8117326344377498400067046480791006609408,-23158254570724039553132456136374342385664,-403410655467634668386525318381495908302848,2768895050176230378617828157548475128479744,11818089721452304261603677632290548139163648,-179345816833382631921166031683588724866678784,38750747158534402727739310350696155522793472,7825934600251231951929929837088248229080858624,-26353344682881694730452815695661849939795771392,-224278591739363541566917010961027712211499352064,1639946614334209590456437435576459608519828570112,2855091146335407070443388199747688093641819029504,-60719018781222988745187280718088040544724290895872,85532579194504532160458504595112206472917618262016,1454872562414678102229878208173992113011387816476672,-6135060691115713344828501792113748896460660147224576,-18737846838825641840134914559100869918232437527150592,184739698637101619063334771459820061200432861410230272,-84412863505844291661014102186214806043154980842504192,-3268939250716393226243263661651677513781404662941876224,9425972347985306341789683772821659930667172807114227712,28779749938162956498586814172105104459894736666759266304,-201703501233897919647005623149144185240225579395486580736,96735787861805980494694174942325864268308651737991872512,2086732131317167975789007969188138189306853742840815550464,-5623492387207379165745954416128059549288963208852728184832,-6120787190218360100283238026438334879373244054001307090944,55880917402133771331178765998008874071473703351302869745664,-79052249980026010869556973048521548927789038878718934646784,-128680585575426955658633683175757161530098286611512707514368,590047563126347991800564205781520643113621411779619244212224,-797191920394108457007145256747373634844999141446932383137792,401734511064747568885490523085290650630550748445698208825344}"")",,,"(""{{1,0,0,-8,0},{0,4,0,0,4}}"",186624,""{2,3}"",2.0794415416798357,1.1.1.1,""{1,0,0,1}"",1.1.1.1)",,,"(""{{1,0,0,-8,0},{0,4,0,0,4}}"",186624,""{2,3}"",2.0794415416798357,1.1.1.1,""{0,-2,1,0}"",1.1.1.1)",,reduced,f,f,f,t,t,3,,10,4,{10},{10},
1.2.26124ad2.1,2,1.1.1.1,1,"(""{2,12,0}"",""{12,-240,-512,36864,0}"",""{56,8256,114688,16842752,-260308992,32305315840,65458405376,53293212499968,0}"")",{4},{1.2.c654b77e.1},"(""{{1,0,3},{0,0,1}}"",1,{},1.0986122886681098,1.1.1.1,""{1,0,0,1}"",1.1.1.1)","(""{{1,0,3},{0,0,1}}"",1,{},,1.1.1.1,""{1,0,0,1}"",1.1.1.1)",,"(""{{1,0,3},{0,0,1}}"",1,{},1.0986122886681098,1.1.1.1,""{1,0,0,1}"",1.1.1.1)",,monic centered,t,f,f,f,f,1,,,,,,
1.2.0110dfc2.1,2,1.1.1.1,1,"(""{1/2,2,-3/2}"",""{9/4,-8,3/2,63,81/4}"",""{61/8,1081/8,4079/16,14611/4,-489529/32,1962161/32,-16129801/64,18800443/8,-27818127/64}"")",,{},"(""{{4,3,3},{-2,5,-1}}"",472,""{2,59}"",1.6094379124341003,1.1.1.1,""{1,0,0,1}"",1.1.1.1)",,,"(""{{4,3,3},{-2,5,-1}}"",472,""{2,59}"",1.6094379124341003,1.1.1.1,""{-1,-1,1,-1}"",1.1.1.1)",,reduced,f,f,f,f,f,1,,,,,,
1.3.169c9f27.1,3,1.1.1.1,1,"(""{9,15,-73/4,0}"",""{81,2556,721803/16,8003799/16,28153107/8,3890188155/256,4299843987/128,8556981579/256,45343869481/4096,0}"",""{729,246051,3386685483/64,524280202371/64,3890369481795/4,47084717209018455/512,29064802024557655569/4096,930419639889620419701/2048,1600345473620960502329361/65536,291321481839286289427315531/262144,2823199956563703401880457929/65536,11981284564225435765092159117237/8388608,681256855858044222111939188595867/16777216,16627322991342197749212115128755919/16777216,11147823628573328389643783504602877109/536870912,400510970657752071174931673690044425885/1073741824,6153774514911561475215521164187214389883/1073741824,161135846742575087018208805401723098493735/2147483648,57202354730068062265161168706404782795182815/68719476736,533215923689070527839522807718081141295362055/68719476736,65981483277495870045458959495972142160293263701/1099511627776,1660526873194876572965168702332787578761136560597/4398046511104,8231570905976845579961610045125250276748151946657/4398046511104,1944802411074955187995474802297997476634041469512253/281474976710656,1186916455473167580933488350765252989834273961868067/70368744177664,5324596521106234052563058885867714598633279970680609/281474976710656,-272374380912244183211743005357421463292762119422952557/18014398509481984,0}"")",{1},{},"(""{{2,0,-2,1},{0,0,0,2}}"",64,{2},0.6931471805599453,1.1.1.1,""{1,0,0,1}"",1.1.1.1)","(""{{1,0,-1,1/2},{0,0,0,1}}"",1,{2},,1.1.1.1,""{1,0,0,1}"",1.1.1.1)",,"(""{{2,0,-2,1},{0,0,0,2}}"",64,{2},0.6931471805599453,1.1.1.1,""{1,0,0,1}"",1.1.1.1)",,monic centered,t,f,f,f,f,1,,,,,,
1.2.a34189c0.1,2,1.1.1.1,1,"(""{2,-12,0}"",""{12,-240,-512,9216,0}"",""{56,-5568,-78848,7331840,38731776,-3636199424,-7358906368,602922811392,0}"")",{4},{1.2.c654b77e.1},"(""{{1,0,-3},{0,0,1}}"",1,{},1.0986122886681098,1.1.1.1,""{1,0,0,1}"",1.1.1.1)","(""{{1,0,-3},{0,0,1}}"",1,{},,1.1.1.1,""{1,0,0,1}"",1.1.1.1)",,"(""{{1,0,-3},{0,0,1}}"",1,{},1.0986122886681098,1.1.1.1,""{1,-1,0,1}"",1.1.1.1)",,monic centered,t,f,f,f,f,1,,,,,,
1.2.df4f025e.1,2,1.1.1.1,1,"(""{1/2,-2,-3/2}"",""{9/4,-2,-9/2,1,9/4}"",""{61/8,875/8,6393/16,5283/2,5583/32,-95309/32,-7947875/64,-1001047/4,-8120601/64}"")",,{},"(""{{4,3,3},{-2,5,7}}"",1000,""{2,5}"",1.9459101490553132,1.1.1.1,""{1,0,0,1}"",1.1.1.1)",,,"(""{{4,3,3},{-2,5,7}}"",1000,""{2,5}"",1.9459101490553132,1.1.1.1,""{1,-6,1,4}"",1.1.1.1)",,reduced,f,f,f,f,f,1,,,,,,
1.2.841cfe5b.1,2,1.1.1.1,1,"(""{-1/2,0,-5/2}"",""{-7/4,-2,23/2,-15,25/4}"",""{-37/8,507/8,-5505/16,6715/4,-265479/32,785411/32,-4637077/64,2634825/16,-9938375/64}"")",,{},"(""{{4,5,5},{-2,3,5}}"",680,""{2,5,17}"",1.6094379124341003,1.1.1.1,""{1,0,0,1}"",1.1.1.1)",,,"(""{{4,5,5},{-2,3,5}}"",680,""{2,5,17}"",1.6094379124341003,1.1.1.1,""{-1,-1,1,-1}"",1.1.1.1)",,reduced,f,f,f,f,f,1,,,,,,
1.2.38b604bd.1,2,1.1.1.1,1,"(""{2,8/3,0}"",""{12,304/9,320/9,25600/81,0}"",""{56,38336/27,512512/27,29364224/243,-24739840/729,-85726068736/19683,-161642184704/19683,61274822017024/531441,0}"")",{4},{1.2.c654b77e.1},"(""{{3,0,2},{0,0,3}}"",81,{3},1.0986122886681098,1.1.1.1,""{1,0,0,1}"",1.1.1.1)","(""{{1,0,2/3},{0,0,1}}"",1,{3},,1.1.1.1,""{1,0,0,1}"",1.1.1.1)",,"(""{{3,0,2},{0,0,3}}"",81,{3},1.0986122886681098,1.1.1.1,""{1,1,0,3}"",1.1.1.1)",,monic centered,t,f,f,f,f,1,,,,,,
1.2.66f2531a.1,2,1.1.1.1,1,"(""{-1/2,1,-5/2}"",""{-7/4,-3/2,25/4,0,0}"",""{-37/8,1213/16,-2767/8,142817/64,-17645/2,7953173/256,-43123171/512,45123169/256,-94196375/512}"")",,{},"(""{{4,5,5},{-2,3,3}}"",484,""{2,11}"",1.6094379124341003,1.1.1.1,""{1,0,0,1}"",1.1.1.1)",,,"(""{{4,5,5},{-2,3,3}}"",484,""{2,11}"",1.6094379124341003,1.1.1.1,""{1,0,0,1}"",1.1.1.1)",,reduced,f,f,f,f,f,1,,,,,,
1.2.200f1e9f.1,2,1.1.1.1,1,"(""{2,-8/3,0}"",""{12,304/9,320/9,1024/81,0}"",""{56,34240/27,455168/27,34279424/243,550928384/729,45698252800/19683,56360960000/19683,-2097152000000/531441,0}"")",{4},{1.2.c654b77e.1},"(""{{3,0,-2},{0,0,3}}"",81,{3},1.0986122886681098,1.1.1.1,""{1,0,0,1}"",1.1.1.1)","(""{{1,0,-2/3},{0,0,1}}"",1,{3},,1.1.1.1,""{1,0,0,1}"",1.1.1.1)",,"(""{{3,0,-2},{0,0,3}}"",81,{3},1.0986122886681098,1.1.1.1,""{1,-1,0,3}"",1.1.1.1)",,monic centered,t,f,f,f,f,1,,,,,,
1.3.34093f3a.1,3,1.1.1.1,1,"(""{9,15,83,0}"",""{81,2556,143148,1680534,44970534,92698140,-15590729556,-31287232431,1185291641521,0}"",""{729,246051,114856047,14991694974,2862785117070,-181804388542830,-204442978326666246,-22313303237253366693,-2090929210801448943549,387312334701976644260409,230235263512480618473892509,6293577393167053726259177364,-4541868212704854043916174868108,-223160570281297086830100541485396,37885462256210307986467349097173532,2076425697265849263796901242372836135,-87698228629044806368394653722223364913,-5072805089494452181220065535234744164635,-557726666158246687144797993181315601077575,-18333519658871690197322612851508324928483570,2002533852514041239809285736207762327629656606,14859159930504699128743741089803879572607775138,8370348310475223844945439943555607167587654205258,42382016411252263484514165675305711139418989999453,9948754509321855841697030411657091012872138872097013,19803782205972898512207400411081238596369563255973599,4362925629985601259796296777519748272888462200317457627,0}"")",{1},{},"(""{{1,0,-1,2},{0,0,0,1}}"",1,{},0.6931471805599453,1.1.1.1,""{1,0,0,1}"",1.1.1.1)","(""{{1,0,-1,2},{0,0,0,1}}"",1,{},,1.1.1.1,""{1,0,0,1}"",1.1.1.1)",,"(""{{1,0,-1,2},{0,0,0,1}}"",1,{},0.6931471805599453,1.1.1.1,""{1,0,0,1}"",1.1.1.1)",,monic centered,t,f,f,f,f,1,,,,,,
1.2.ed5e9af4.1,2,1.1.1.1,1,"(""{-1/2,-1,-5/2}"",""{-7/4,-13/2,85/4,-31,25}"",""{-37/8,575/16,-4411/16,42207/64,-300261/64,2688095/256,-14182025/512,18864625/256,-34328125/512}"")",,{},"(""{{4,5,5},{-2,3,7}}"",1004,""{2,251}"",1.9459101490553132,1.1.1.1,""{1,0,0,1}"",1.1.1.1)",,,"(""{{4,5,5},{-2,3,7}}"",1004,""{2,251}"",1.9459101490553132,1.1.1.1,""{1,0,0,1}"",1.1.1.1)",,reduced,f,f,f,f,f,1,,,,,,
1.2.281658d3.1,2,1.1.1.1,1,"(""{2,6,0}"",""{12,-24,-80,3600,0}"",""{56,2208,30016,84608,-14891520,-121198592,-197521408,63235067904,0}"")",{4},{1.2.c654b77e.1},"(""{{2,0,3},{0,0,2}}"",16,{2},1.0986122886681098,1.1.1.1,""{1,0,0,1}"",1.1.1.1)","(""{{1,0,3/2},{0,0,1}}"",1,{2},,1.1.1.1,""{1,0,0,1}"",1.1.1.1)",,"(""{{2,0,3},{0,0,2}}"",16,{2},1.0986122886681098,1.1.1.1,""{1,1,0,2}"",1.1.1.1)",,monic centered,t,f,f,f,f,1,,,,,,
1.2.61848a1a.1,2,1.1.1.1,1,"(""{-1/2,1/2,-5/2}"",""{-7/4,-5/4,133/16,-109/16,25/16}"",""{-37/8,2239/32,-44459/128,1003395/512,-4462053/512,7084181/256,-20629933/256,86964659/512,-88121125/512}"")",,{},"(""{{4,5,5},{-2,3,4}}"",566,""{2,283}"",1.6094379124341003,1.1.1.1,""{1,0,0,1}"",1.1.1.1)",,,"(""{{4,5,5},{-2,3,4}}"",566,""{2,283}"",1.6094379124341003,1.1.1.1,""{1,0,0,1}"",1.1.1.1)",,reduced,f,f,f,f,f,1,,,,,,
1.2.46de8dac.1,2,1.1.1.1,1,"(""{2,-6,0}"",""{12,-24,-80,144,0}"",""{56,480,5824,15488,93696,-542720,-1331200,-13824000,0}"")",{4},{1.2.c654b77e.1},"(""{{2,0,-3},{0,0,2}}"",16,{2},1.0986122886681098,1.1.1.1,""{1,0,0,1}"",1.1.1.1)","(""{{1,0,-3/2},{0,0,1}}"",1,{2},,1.1.1.1,""{1,0,0,1}"",1.1.1.1)",,"(""{{2,0,-3},{0,0,2}}"",16,{2},1.0986122886681098,1.1.1.1,""{1,-1,0,2}"",1.1.1.1)",,monic centered,t,f,f,f,f,1,,,,,,
1.2.41f128ce.1,2,1.1.1.1,1,"(""{-1/2,-1/2,-5/2}"",""{-7/4,-15/4,253/16,-381/16,225/16}"",""{-37/8,1697/32,-41491/128,644089/512,-3602099/512,4862735/256,-13891439/256,69156521/512,-61629875/512}"")",,{},"(""{{4,5,5},{-2,3,6}}"",826,""{2,7,59}"",1.791759469228055,1.1.1.1,""{1,0,0,1}"",1.1.1.1)",,,"(""{{4,5,5},{-2,3,6}}"",826,""{2,7,59}"",1.791759469228055,1.1.1.1,""{1,0,0,1}"",1.1.1.1)",,reduced,f,f,f,f,f,1,,,,,,
1.3.9f1e2be0.1,3,1.1.1.1,1,"(""{9/2,6,29,0}"",""{297/4,2340,332133/8,6499899/16,47135313/64,-229900881/8,-2456145909/8,-1053351207/2,55409864449/4,0}"",""{5589/8,943137/4,6571852281/128,2069720520957/256,1995617901400731/2048,189731610326869317/2048,230971873331668935015/32768,3524576520184267948623/8192,10702172967243477975075/512,3261755226653605611596313/4096,195530779500999070712244939/8192,673761859709718704136745329/1024,839320192613837756600826525/32,737140316618689879640797886103/512,135076923563019262257605502016197/2048,1023865896436499660384000951616231/512,2140756985988955533872185100448651/64,77077015740025112634572948881954161/256,13172062068259214988724410523051552041/512,32885410980093626417922664418220625377/16,1057447457511996058156412666876996618409/16,763912876170880442935326229804330459920,-39216937300550061621412100590465175162637/4,61945265758467791454543002324375435132964,39831729930580693717580895798283167129438372,79434969921050843054251725288294133023350256,11734151151139987402270186312229050418762958152,0}"")",{1},{},"(""{{2,0,1,2},{0,0,0,2}}"",64,{2},0.6931471805599453,1.1.1.1,""{1,0,0,1}"",1.1.1.1)","(""{{1,0,1/2,1},{0,0,0,1}}"",1,{2},,1.1.1.1,""{1,0,0,1}"",1.1.1.1)",,"(""{{2,0,1,2},{0,0,0,2}}"",64,{2},0.6931471805599453,1.1.1.1,""{1,0,0,1}"",1.1.1.1)",,monic centered,t,f,f,f,f,1,,,,,,
1.2.9313f00c.1,2,1.1.1.1,1,"(""{-1/2,2,-5/2}"",""{-7/4,-5,11/2,14,25/4}"",""{-37/8,389/4,-3011/8,7059/2,-42393/4,56615,-225953/2,338338,-274625}"")",,{},"(""{{4,5,5},{-2,3,1}}"",416,""{2,13}"",1.6094379124341003,1.1.1.1,""{1,0,0,1}"",1.1.1.1)",,,"(""{{4,5,5},{-2,3,1}}"",416,""{2,13}"",1.6094379124341003,1.1.1.1,""{-1,-3,1,-1}"",1.1.1.1)",,reduced,f,f,f,f,f,1,,,,,,
1.3.bf7a5323.1,3,1.1.1.1,1,"(""{9/2,6,35/4,0}"",""{297/4,2340,162543/4,26544159/64,601572969/256,1297405155/256,-5739002037/512,-3848717907/128,954851437225/4096,0}"",""{5589/8,943137/4,13101331437/256,8214663796587/1024,7919074284567417/8192,190593421580267559/2048,1925019634087257775461/262144,253491754085965466680977/524288,14106279910275296014186317/524288,10715145849066328979392624131/8388608,3495959949638972844400304619999/67108864,123101225320253564724445324666323/67108864,30050770902212613800918007628984593/536870912,1593144608772050955917882300771735859/1073741824,587655981113542312747458253539756232395/17179869184,23556494133835054235360220180024564342489/34359738368,818828406458750699311483123954166842447221/68719476736,98166696333012093045711228986310291687653547/549755813888,10044878383415067356474868634313049840046400757/4398046511104,107795483314368538135558809082280530368160161765/4398046511104,1884578799705380233052144144209894256891844020049/8796093022208,50755779578745168603421425348942163692586041676371/35184372088832,926605855127121579082613663843120568668252068232859/140737488355328,3448414585011088361502310161391086318913984271216211/281474976710656,-30384827968031179165886603444266469141368494382970061/562949953421312,-17514593579886327841236030126685453718782664049372147/140737488355328,77589803805926939822907966114229282586001923850467604125/18014398509481984,0}"")",{1},{},"(""{{2,0,1,1},{0,0,0,2}}"",64,{2},0.6931471805599453,1.1.1.1,""{1,0,0,1}"",1.1.1.1)","(""{{1,0,1/2,1/2},{0,0,0,1}}"",1,{2},,1.1.1.1,""{1,0,0,1}"",1.1.1.1)",,"(""{{2,0,1,1},{0,0,0,2}}"",64,{2},0.6931471805599453,1.1.1.1,""{1,0,0,1}"",1.1.1.1)",,monic centered,t,f,f,f,f,1,,,,,,
1.2.6428ac37.1,2,1.1.1.1,1,"(""{-1/2,-2,-5/2}"",""{-7/4,-15,71/2,-24,225/4}"",""{-37/8,-61/2,-91/2,-35/2,-91/4,-203/2,-271/2,-151/2,-125/8}"")",,{},"(""{{4,5,5},{-2,3,9}}"",1456,""{2,7,13}"",2.1972245773362196,1.1.1.1,""{1,0,0,1}"",1.1.1.1)",,,"(""{{4,5,5},{-2,3,9}}"",1456,""{2,7,13}"",2.1972245773362196,1.1.1.1,""{1,-1,1,1}"",1.1.1.1)",,reduced,f,f,f,f,f,1,,,,,,
1.2.2a33d80f.1,2,1.1.1.1,1,"(""{2,16,0}"",""{12,-464,-960,102400,0}"",""{56,17728,247296,104214528,-867532800,437048311808,877114949632,1106277275009024,0}"")",{4},{1.2.c654b77e.1},"(""{{1,0,4},{0,0,1}}"",1,{},1.3862943611198906,1.1.1.1,""{1,0,0,1}"",1.1.1.1)","(""{{1,0,4},{0,0,1}}"",1,{},,1.1.1.1,""{1,0,0,1}"",1.1.1.1)",,"(""{{1,0,4},{0,0,1}}"",1,{},1.3862943611198906,1.1.1.1,""{1,0,0,1}"",1.1.1.1)",,monic centered,t,f,f,f,f,1,,,,,,
1.2.c9569bc0.1,2,1.1.1.1,1,"(""{2,-16,0}"",""{12,-464,-960,36864,0}"",""{56,-15040,-211456,59650048,281706496,-90897121280,-182399795200,46036680704000,0}"")",{4},{1.2.c654b77e.1},"(""{{1,0,-4},{0,0,1}}"",1,{},1.3862943611198906,1.1.1.1,""{1,0,0,1}"",1.1.1.1)","(""{{1,0,-4},{0,0,1}}"",1,{},,1.1.1.1,""{1,0,0,1}"",1.1.1.1)",,"(""{{1,0,-4},{0,0,1}}"",1,{},1.3862943611198906,1.1.1.1,""{1,-1,0,1}"",1.1.1.1)",,monic centered,t,f,f,f,f,1,,,,,,
1.3.3d75004c.1,3,1.1.1.1,1,"(""{9/2,6,110,0}"",""{297/4,2340,557151/8,17469891/16,-443545839/64,-567699555/8,-18961479459/4,-9300631284,5600511571600,0}"",""{5589/8,943137/4,7723023471/128,2761472312613/256,1994576515808643/2048,-38125800635680701/2048,-1108268067601776475863/32768,-4139216035237249514577/512,-26333341930211343352048113/32768,-306976033718502822935316981/8192,1151282945830458655286756224407/131072,6130293945611259271507142755221/2048,15917172963754201068101939149924359/65536,429495920145670972203900357774202953/32768,-601439934663546209124036149849285468025/524288,-1442976968981427559576920641943437705091/2048,-19394769800980218430656281515976543556445977/524288,-164592822551686149198910150187952614744418327/131072,102518742014870632933240500966624097763797592601/2097152,6544417160644277019260423279291818220332546427115/65536,50461313750574764512291379442014003979236909104257/16384,-17908654915007162463014390261916406507351525888419/512,-620281444421345044536467563110272890730732025327483/64,-99731780360059064729276279218453266354688469645081109/16,-393909233870222035501139037765370066339773037599857037/4,-178293483037800256203983730146962690544796288379211904,2629098505471615785424877751346675019621315513259649571000,0}"")",{1},{},"(""{{2,0,1,4},{0,0,0,2}}"",64,{2},1.3862943611198906,1.1.1.1,""{1,0,0,1}"",1.1.1.1)","(""{{1,0,1/2,2},{0,0,0,1}}"",1,{2},,1.1.1.1,""{1,0,0,1}"",1.1.1.1)",,"(""{{2,0,1,4},{0,0,0,2}}"",64,{2},1.3862943611198906,1.1.1.1,""{1,0,0,1}"",1.1.1.1)",,monic centered,t,f,f,f,f,1,,,,,,
1.2.0ee2da1e.1,2,1.1.1.1,1,"(""{2,1/2,0}"",""{12,95/2,63,81/16,0}"",""{56,2689/2,17927,4584155/32,5484233/8,232764953/128,132571673/64,208527857/4096,0}"")",,{1.2.c654b77e.1},"(""{{4,0,0},{-2,8,-1}}"",16,{2},2.0794415416798357,1.1.1.1,""{1,0,0,1}"",1.1.1.1)","(""{{1,0,1/8},{0,0,1}}"",1,{2},,1.1.1.1,""{0,1,-4,4}"",1.1.1.1)",,"(""{{4,0,0},{-2,8,-1}}"",16,{2},2.0794415416798357,1.1.1.1,""{0,-1,1,-2}"",1.1.1.1)",,monic centered,t,f,f,f,f,1,,,,,,
1.2.9001b02b.1,2,1.1.1.1,1,"(""{2,3,0}"",""{12,30,28,441,0}"",""{56,1452,19432,111230,-421464,-8111684,-14602888,253636137,0}"")",{4},{1.2.c654b77e.1},"(""{{4,0,3},{0,0,4}}"",256,{2},1.3862943611198906,1.1.1.1,""{1,0,0,1}"",1.1.1.1)","(""{{1,0,3/4},{0,0,1}}"",1,{2},,1.1.1.1,""{1,0,0,1}"",1.1.1.1)",,"(""{{4,0,3},{0,0,4}}"",256,{2},1.3862943611198906,1.1.1.1,""{1,1,0,2}"",1.1.1.1)",,monic centered,t,f,f,f,f,1,,,,,,
1.2.13a1af67.1,2,1.1.1.1,1,"(""{2,-3,0}"",""{12,30,28,9,0}"",""{56,1236,16408,137582,751848,2333860,2887496,-6128487,0}"")",{4},{1.2.c654b77e.1},"(""{{4,0,-3},{0,0,4}}"",256,{2},1.3862943611198906,1.1.1.1,""{1,0,0,1}"",1.1.1.1)","(""{{1,0,-3/4},{0,0,1}}"",1,{2},,1.1.1.1,""{1,0,0,1}"",1.1.1.1)",,"(""{{4,0,-3},{0,0,4}}"",256,{},1.3862943611198906,1.1.1.1,""{2,1,0,2}"",1.1.1.1)",,monic centered,t,f,f,f,f,1,,,,,,
1.2.f042dbd2.1,2,1.1.1.1,1,"(""{2,-1/2,0}"",""{12,95/2,63,49/16,0}"",""{56,2687/2,17913,4589739/32,5519289/8,236252695/128,135266839/64,-99252847/4096,0}"")",,{1.2.c654b77e.1},"(""{{4,0,0},{-2,8,1}}"",16,{2},2.0794415416798357,1.1.1.1,""{1,0,0,1}"",1.1.1.1)","(""{{1,0,-1/8},{0,0,1}}"",1,{2},,1.1.1.1,""{0,1,4,-4}"",1.1.1.1)",,"(""{{4,0,0},{-2,8,1}}"",16,{2},2.0794415416798357,1.1.1.1,""{0,-1,1,4}"",1.1.1.1)",,monic centered,t,f,f,f,f,1,,,,,,
1.3.12f12966.1,3,1.1.1.1,1,"(""{15/2,12,19,0}"",""{297/4,2340,392073/8,10284867/16,354899673/64,198662991/8,39474783/8,-90768915/2,5337033025/4,0}"",""{5643/8,952263/4,6758034219/128,2165984537013/256,2107532742020541/2048,198862888200158277/2048,235072610499353287725/32768,3418128374064591854079/8192,317927985269329670080593/16384,6269550873207007453987347/8192,948811997997287571761472393/32768,4571743922870581587274551747/4096,317999684681734520133434476773/8192,4524257247737461540092291513627/4096,966304675673029536570374983653699/32768,7186610983613001260488694551809387/8192,387159326025310481246922299137039881/16384,3956380528014732961303098876246376527/8192,300277206464022005054968035506235686103/32768,404983154047978282333219522104183078735/2048,4034422871548398508959765975497977237509/1024,12918506933760673682921187026763197612721/256,73927525199934750124807110886174654229385/256,-43386531251647917522296870084543964477147/32,-402285964386303257703479875229867421496947/16,-181172524335000160242419394703508032921323/4,7642536453909321847061060470173479052509807/8,0}"")",{1},{},"(""{{2,0,-1,2},{0,0,0,2}}"",64,{2},0.6931471805599453,1.1.1.1,""{1,0,0,1}"",1.1.1.1)","(""{{1,0,-1/2,1},{0,0,0,1}}"",1,{2},,1.1.1.1,""{1,0,0,1}"",1.1.1.1)",,"(""{{2,0,-1,2},{0,0,0,2}}"",64,{2},0.6931471805599453,1.1.1.1,""{1,0,0,1}"",1.1.1.1)",,monic centered,t,f,f,f,f,1,,,,,,
1.2.83f086fc.1,2,1.1.1.1,1,"(""{2,16/3,0}"",""{12,-80/9,-448/9,200704/81,0}"",""{56,52672/27,713216/27,10981376/243,-6649643008/729,-1782095544320/19683,-3024388882432/19683,11907331897950208/531441,0}"")",{4},{1.2.c654b77e.1},"(""{{3,0,4},{0,0,3}}"",81,{3},1.3862943611198906,1.1.1.1,""{1,0,0,1}"",1.1.1.1)","(""{{1,0,4/3},{0,0,1}}"",1,{3},,1.1.1.1,""{1,0,0,1}"",1.1.1.1)",,"(""{{3,0,4},{0,0,3}}"",81,{3},1.3862943611198906,1.1.1.1,""{1,2,0,3}"",1.1.1.1)",,monic centered,t,f,f,f,f,1,,,,,,
1.3.628a3112.1,3,1.1.1.1,1,"(""{15/2,12,-5/4,0}"",""{297/4,2340,340071/8,31273911/64,931067361/256,4350364491/256,23074600491/512,6591774177/128,2011971025/4096,0}"",""{5643/8,952263/4,13167821493/256,8192070627831/1024,7811535593637387/8192,741350284931016207/8192,1838456960688778105737/262144,236780884889333824227471/524288,25658425933207838847800841/1048576,9441840332118610748026010565/8388608,2968524600072133439809042482627/67108864,100111110828927004897483424047245/67108864,23238167895894575694831800442675327/536870912,1161458794838319913441741809206234403/1073741824,399775181997796567209808953101802323991/17179869184,14774749919511208465262818179728727575847/34359738368,233578146073929267678503405826623280991569/34359738368,50233614353837793028376215216451912998923909/549755813888,4551303000925386527270998368121737881899848417/4398046511104,42880663047930447641587811504036682751441225305/4398046511104,660211521926158737188522308855125344941110662661/8796093022208,16186888421500712160170608013332269515126070984537/35184372088832,303949702350377318065624364652300513837983290023207/140737488355328,2052440035265484161963553257737892531944145255497167/281474976710656,8872818626841566572318718245563687566954023724176605/562949953421312,72020114795918862497871848643978785851031068325691/4398046511104,-278547416679555934740033921050966298564025681010375/18014398509481984,0}"")",{1},{},"(""{{2,0,-1,1},{0,0,0,2}}"",64,{2},0.6931471805599453,1.1.1.1,""{1,0,0,1}"",1.1.1.1)","(""{{1,0,-1/2,1/2},{0,0,0,1}}"",1,{2},,1.1.1.1,""{1,0,0,1}"",1.1.1.1)",,"(""{{2,0,-1,1},{0,0,0,2}}"",64,{2},0.6931471805599453,1.1.1.1,""{1,0,0,1}"",1.1.1.1)",,monic centered,t,f,f,f,f,1,,,,,,
1.2.4dfc2d86.1,2,1.1.1.1,1,"(""{2,-16/3,0}"",""{12,-80/9,-448/9,4096/81,0}"",""{56,19904/27,254464/27,12554240/243,220626944/729,114556928/19683,-14422114304/19683,-13064216772608/531441,0}"")",{4},{1.2.c654b77e.1},"(""{{3,0,-4},{0,0,3}}"",81,{3},1.3862943611198906,1.1.1.1,""{1,0,0,1}"",1.1.1.1)","(""{{1,0,-4/3},{0,0,1}}"",1,{3},,1.1.1.1,""{1,0,0,1}"",1.1.1.1)",,"(""{{3,0,-4},{0,0,3}}"",81,{3},1.3862943611198906,1.1.1.1,""{1,-2,0,3}"",1.1.1.1)",,monic centered,t,f,f,f,f,1,,,,,,
1.2.a2ec8083.1,2,1.1.1.1,1,"(""{2,4/5,0}"",""{12,1168/25,1536/25,9216/625,0}"",""{56,168256/125,2243584/125,2232672256/15625,10568531968/15625,3433349513216/1953125,3859579666432/1953125,70016036765696/244140625,0}"")",{4},{1.2.c654b77e.1},"(""{{5,0,1},{0,0,5}}"",625,{5},1.6094379124341003,1.1.1.1,""{1,0,0,1}"",1.1.1.1)","(""{{1,0,1/5},{0,0,1}}"",1,{5},,1.1.1.1,""{1,0,0,1}"",1.1.1.1)",,"(""{{5,0,1},{0,0,5}}"",625,{5},1.6094379124341003,1.1.1.1,""{1,2,0,5}"",1.1.1.1)",,monic centered,t,f,f,f,f,1,,,,,,
1.3.9554125a.1,3,1.1.1.1,1,"(""{3,3,1,0}"",""{81,2556,40764,362502,1844838,5231100,7689276,5479425,1500625,0}"",""{675,227799,50587101,8239655070,1041852254202,105775270377642,8808888443118894,610132256375302107,35457977796597456465,1737964093225132906965,72020115532113556277799,2523713483343412150580052,74659184291418156905882940,1858526212645957746051817020,38746822184028837150120833364,672302522708528752923773617575,9630936151859216291460019192341,112739350315115139097846096083729,1064041315260578044232151980616795,7953417472451481035800377677204526,45946422006465521704993770971041578,198215738189039957486559820980157818,607594943911421283788070160752955806,1229389496290203093761438387990764125,1476448269550315906292292725583786135,931620776874679753510014642149371107,236229495799095201216841005054061441,0}"")",{1},{},"(""{{1,0,1,0},{0,0,0,1}}"",1,{},0,1.1.1.1,""{1,0,0,1}"",1.1.1.1)","(""{{1,0,1,0},{0,0,0,1}}"",1,{},,1.1.1.1,""{1,0,0,1}"",1.1.1.1)",,"(""{{1,0,1,0},{0,0,0,1}}"",1,{},0,1.1.1.1,""{1,0,0,1}"",1.1.1.1)",,monic centered,t,f,f,f,f,2,,,,,,
1.3.58274684.1,3,1.1.1.1,1,"(""{15/2,12,100,0}"",""{297/4,2340,796911/8,17493219/16,439831089/64,-1631109027/8,-66955614363/4,-32843536596,2424560410000,0}"",""{5643/8,952263/4,9831840849/128,2905886982789/256,1140745046196573/2048,-470010843683111457/2048,-3725401323488128732521/32768,-56638206377230323403143/4096,1495967245087378057515573/32768,985587101439961920899006205/4096,9360744071509921887316604604321/131072,15497813754399572515781775677835/4096,-73840001478255692841746434036664259/65536,-3165116552195630438388613064699864349/32768,1253915109765491458759071220857391589097/524288,17749814097648466858324885098504860348649/65536,35401634070966489669071825652866559864559629/524288,153510046102073005142002722992809847187059829/32768,-731476420804129880923593671486779238146743271809/2097152,-1712908289135892472951020622354483851006699690825/131072,-64250988126447289676071373420436266451409197463509/32768,-123069821513327152724374670319304358708057562396651/1024,4891342887645771138079930327039505093527492631773593/512,-3992852269664769370696867884657586926620609488377801/32,430178757283104285847399917883273992634262593754478165/8,107957822088169755999496005513911468907031539082912824,61929730878715665355742854761923010381701431296883000000,0}"")",{1},{},"(""{{2,0,-1,4},{0,0,0,2}}"",64,{2},1.3862943611198906,1.1.1.1,""{1,0,0,1}"",1.1.1.1)","(""{{1,0,-1/2,2},{0,0,0,1}}"",1,{2},,1.1.1.1,""{1,0,0,1}"",1.1.1.1)",,"(""{{2,0,-1,4},{0,0,0,2}}"",64,{2},1.3862943611198906,1.1.1.1,""{1,0,0,1}"",1.1.1.1)",,monic centered,t,f,f,f,f,1,,,,,,
1.2.2ff4dd9d.1,2,1.1.1.1,1,"(""{2,-4/5,0}"",""{12,1168/25,1536/25,4096/625,0}"",""{56,167744/125,2236416/125,2243690496/15625,10851975168/15625,3659118936064/1953125,4210848432128/1953125,-21726981259264/244140625,0}"")",{4},{1.2.c654b77e.1},"(""{{5,0,-1},{0,0,5}}"",625,{5},1.6094379124341003,1.1.1.1,""{1,0,0,1}"",1.1.1.1)","(""{{1,0,-1/5},{0,0,1}}"",1,{5},,1.1.1.1,""{1,0,0,1}"",1.1.1.1)",,"(""{{5,0,-1},{0,0,5}}"",625,{5},1.6094379124341003,1.1.1.1,""{1,0,0,5}"",1.1.1.1)",,monic centered,t,f,f,f,f,1,,,,,,
1.2.c2be1add.1,2,1.1.1.1,1,"(""{2,20,0}"",""{12,-752,-1536,230400,0}"",""{56,33344,465920,409231360,-2207055872,3121940267008,6252136497152,12435568197632000,0}"")",{4},{1.2.c654b77e.1},"(""{{1,0,5},{0,0,1}}"",1,{},1.6094379124341003,1.1.1.1,""{1,0,0,1}"",1.1.1.1)","(""{{1,0,5},{0,0,1}}"",1,{},,1.1.1.1,""{1,0,0,1}"",1.1.1.1)",,"(""{{1,0,5},{0,0,1}}"",1,{},1.6094379124341003,1.1.1.1,""{1,1,0,1}"",1.1.1.1)",,monic centered,t,f,f,f,f,1,,,,,,
1.2.8e9cb42d.1,2,1.1.1.1,1,"(""{2,-20,0}"",""{12,-752,-1536,102400,0}"",""{56,-30656,-430080,266895360,1143472128,-908458196992,-1819277262848,1033977724928000,0}"")",{4},{1.2.c654b77e.1},"(""{{1,0,-5},{0,0,1}}"",1,{},1.6094379124341003,1.1.1.1,""{1,0,0,1}"",1.1.1.1)","(""{{1,0,-5},{0,0,1}}"",1,{},,1.1.1.1,""{1,0,0,1}"",1.1.1.1)",,"(""{{1,0,-5},{0,0,1}}"",1,{},1.6094379124341003,1.1.1.1,""{1,-1,0,1}"",1.1.1.1)",,monic centered,t,f,f,f,f,1,,,,,,
1.3.31ee60b5.1,3,1.1.1.1,1,"(""{0,-3,29,0}"",""{108,3420,44031,1058022,8870967,96846447,1036426401,1812748320,49733460100,0}"",""{486,163917,47501793,11293115418,2209242085542,384096060240714,58124406923528040,7416828834616949427,814502022392530407327,77701930120870137872046,5766541673709316533469146,312268041206801069253247467,13857750191848171715142611724,588432776906094500136661561692,10171236150464540497673280546843,1065337048320099435575152841215881,15464794988608377233159318601737619,1377318045796271728446347656551344361,51238269183500958859069590706500406476,-473583676771741484162376131521629053610,67036594192398109771426992693833009304966,-204143841172565412062167326961603997654319,29749359872849396317422811572902657180748885,2082734408552840077437017001147523331429498304,-30256379612019914656050730714489041927015941652,-66640538358696862448414558537557010080437974547,33950931014550257699939422734604776281283842145989,0}"")",{1},{},"(""{{1,0,2,1},{0,0,0,1}}"",1,{},0.6931471805599453,1.1.1.1,""{1,0,0,1}"",1.1.1.1)","(""{{1,0,2,1},{0,0,0,1}}"",1,{},,1.1.1.1,""{1,0,0,1}"",1.1.1.1)",,"(""{{1,0,2,1},{0,0,0,1}}"",1,{},0.6931471805599453,1.1.1.1,""{1,0,0,1}"",1.1.1.1)",,monic centered,t,f,f,f,f,1,,,,,,
1.2.525c7a8e.1,2,1.1.1.1,1,"(""{2,8/5,0}"",""{12,1072/25,1344/25,50176/625,0}"",""{56,170048/125,2268672/125,2170957824/15625,8892874752/15625,1883578826752/1953125,1355760533504/1953125,1488416487243776/244140625,0}"")",{4},{1.2.c654b77e.1},"(""{{5,0,2},{0,0,5}}"",625,{5},1.6094379124341003,1.1.1.1,""{1,0,0,1}"",1.1.1.1)","(""{{1,0,2/5},{0,0,1}}"",1,{5},,1.1.1.1,""{1,0,0,1}"",1.1.1.1)",,"(""{{5,0,2},{0,0,5}}"",625,{5},1.6094379124341003,1.1.1.1,""{1,2,0,5}"",1.1.1.1)",,monic centered,t,f,f,f,f,1,,,,,,
1.3.11b17b7d.1,3,1.1.1.1,1,"(""{0,-3,35/4,0}"",""{108,3420,504507/16,622323/2,29969091/16,2124919731/256,2442347127/64,14726275839/256,1041695803225/4096,0}"",""{486,163917,2547657027/64,15768807273/2,40721472754767/32,178587222207308289/1024,2571554730604788909/128,2019597583318936871913/1024,10576812458097551283880011/65536,180712889264552418138019095/16384,78509647769087172484362322161/131072,214005918748330595661092280053055/8388608,3226083945742184683835136464852139/4194304,164167708737582648670126890499346241/8388608,183074152630435052222215417596519128013/536870912,45707283893245190422185332255333902797/8388608,30610942784668713934549499462397453186441/536870912,11857454762970489249365707070660380100628717/17179869184,33239109410286579086892336989016310921225023/4294967296,1212433118779869041407081174298078036373937995/17179869184,1263162327755590942489574072862705321698270951487/1099511627776,-484940753581990992383359647256079146578736364001/274877906944,210076004268099184811508012984890093217654549705783/2199023255552,77286232791351979075871946669896634277055178324174537/281474976710656,239677493270338862423973870442381505200860932280048495/140737488355328,838710074472272975026423808225240150124974082796205409/281474976710656,3112778023758791425644274817416182720920613944780334714875/18014398509481984,0}"")",{1},{},"(""{{2,0,4,1},{0,0,0,2}}"",64,{2},1.3862943611198906,1.1.1.1,""{1,0,0,1}"",1.1.1.1)","(""{{1,0,2,1/2},{0,0,0,1}}"",1,{2},,1.1.1.1,""{1,0,0,1}"",1.1.1.1)",,"(""{{2,0,4,1},{0,0,0,2}}"",64,{2},1.3862943611198906,1.1.1.1,""{1,0,0,1}"",1.1.1.1)",,monic centered,t,f,f,f,f,1,,,,,,
1.2.3335d1db.1,2,1.1.1.1,1,"(""{2,-8/5,0}"",""{12,1072/25,1344/25,9216/625,0}"",""{56,165952/125,2211328/125,2253205504/15625,11278385152/15625,3995385724928/1953125,4730027769856/1953125,-164422488162304/244140625,0}"")",{4},{1.2.c654b77e.1},"(""{{5,0,-2},{0,0,5}}"",625,{5},1.6094379124341003,1.1.1.1,""{1,0,0,1}"",1.1.1.1)","(""{{1,0,-2/5},{0,0,1}}"",1,{5},,1.1.1.1,""{1,0,0,1}"",1.1.1.1)",,"(""{{5,0,-2},{0,0,5}}"",625,{5},1.6094379124341003,1.1.1.1,""{1,-1,0,5}"",1.1.1.1)",,monic centered,t,f,f,f,f,1,,,,,,
1.2.e683f603.1,2,1.1.1.1,1,"(""{2,10,0}"",""{12,-152,-336,19600,0}"",""{56,5344,73920,4959360,-121999872,5444139008,11273777152,8291469824000,0}"")",{4},{1.2.c654b77e.1},"(""{{2,0,5},{0,0,2}}"",16,{2},1.6094379124341003,1.1.1.1,""{1,0,0,1}"",1.1.1.1)","(""{{1,0,5/2},{0,0,1}}"",1,{2},,1.1.1.1,""{1,0,0,1}"",1.1.1.1)",,"(""{{2,0,5},{0,0,2}}"",16,{2},1.6094379124341003,1.1.1.1,""{1,1,0,2}"",1.1.1.1)",,monic centered,t,f,f,f,f,1,,,,,,
1.3.24bc8055.1,3,1.1.1.1,1,"(""{0,-3,110,0}"",""{108,3420,118632,5816934,66608496,2706992796,58063809528,108244678689,18746388684100,0}"",""{486,163917,107786448,38017354374,9460657519596,3572429181276006,964416615828306408,173610721453376606787,45738650802058406667546,9668184234432139295775855,1153626880260205960937026488,232335521165576991451948907940,40776299867933695409292175862376,3023890504595197437276409042246212,712153354976196462800415181478548944,107832783488432315865248762064694986039,3699294709688319463527833804725608119418,1641815187488376683891539366628521810288923,155911995043518923221020768059469037695445248,367958705041975875041388256956677865600766710,2687710942763343194443726454677449975032955546732,112857205104901659255636456697154150296281510476406,-631091127812925248720105320351006221760828698325176,2570999354629331678127032786055800035574386915128069477,10457510758550231277595201916724360929593853155452287430,13198950927598192395237813999452189817110330313368870409,1225309392818946573075504000937089466682947299372126533723000,0}"")",{1},{},"(""{{1,0,2,2},{0,0,0,1}}"",1,{},0.6931471805599453,1.1.1.1,""{1,0,0,1}"",1.1.1.1)","(""{{1,0,2,2},{0,0,0,1}}"",1,{},,1.1.1.1,""{1,0,0,1}"",1.1.1.1)",,"(""{{1,0,2,2},{0,0,0,1}}"",1,{},0.6931471805599453,1.1.1.1,""{1,0,0,1}"",1.1.1.1)",,monic centered,t,f,f,f,f,1,,,,,,
1.2.1b238295.1,2,1.1.1.1,1,"(""{2,-10,0}"",""{12,-152,-336,3600,0}"",""{56,-2656,-38080,1567360,8816128,-346068992,-712142848,25934336000,0}"")",{4},{1.2.c654b77e.1},"(""{{2,0,-5},{0,0,2}}"",16,{2},1.6094379124341003,1.1.1.1,""{1,0,0,1}"",1.1.1.1)","(""{{1,0,-5/2},{0,0,1}}"",1,{2},,1.1.1.1,""{1,0,0,1}"",1.1.1.1)",,"(""{{2,0,-5},{0,0,2}}"",16,{2},1.6094379124341003,1.1.1.1,""{1,-2,0,2}"",1.1.1.1)",,monic centered,t,f,f,f,f,1,,,,,,
1.2.8f2b16a9.1,2,1.1.1.1,1,"(""{2,1,0}"",""{12,46,60,25,0}"",""{56,1348,17976,142398,663720,1670708,1837672,704969,0}"")",{4},{1.2.c654b77e.1},"(""{{4,0,1},{0,0,4}}"",256,{2},1.3862943611198906,1.1.1.1,""{1,0,0,1}"",1.1.1.1)","(""{{1,0,1/4},{0,0,1}}"",1,{2},,1.1.1.1,""{1,0,0,1}"",1.1.1.1)",,"(""{{4,0,1},{0,0,4}}"",256,{},1.3862943611198906,1.1.1.1,""{2,-1,0,2}"",1.1.1.1)",,monic centered,t,f,f,f,f,1,,,,,,
1.2.7d2a94e3.1,2,1.1.1.1,1,"(""{2,12/5,0}"",""{12,912/25,1024/25,147456/625,0}"",""{56,174912/125,2336768/125,1986412544/15625,3034447872/15625,-4375113367552/1953125,-9061850415104/1953125,14429837712162816/244140625,0}"")",{4},{1.2.c654b77e.1},"(""{{5,0,3},{0,0,5}}"",625,{5},1.6094379124341003,1.1.1.1,""{1,0,0,1}"",1.1.1.1)","(""{{1,0,3/5},{0,0,1}}"",1,{5},,1.1.1.1,""{1,0,0,1}"",1.1.1.1)",,"(""{{5,0,3},{0,0,5}}"",625,{5},1.6094379124341003,1.1.1.1,""{1,2,0,5}"",1.1.1.1)",,monic centered,t,f,f,f,f,1,,,,,,
1.2.78346cee.1,2,1.1.1.1,1,"(""{2,-1,0}"",""{12,46,60,9,0}"",""{56,1340,17864,143758,699496,1903660,2202200,-166375,0}"")",{4},{1.2.c654b77e.1},"(""{{4,0,-1},{0,0,4}}"",256,{2},1.3862943611198906,1.1.1.1,""{1,0,0,1}"",1.1.1.1)","(""{{1,0,-1/4},{0,0,1}}"",1,{2},,1.1.1.1,""{1,0,0,1}"",1.1.1.1)",,"(""{{4,0,-1},{0,0,4}}"",256,{2},1.3862943611198906,1.1.1.1,""{1,1,0,2}"",1.1.1.1)",,monic centered,t,f,f,f,f,1,,,,,,
1.2.0b88e8b9.1,2,1.1.1.1,1,"(""{2,2,0}"",""{12,40,48,144,0}"",""{56,1376,18368,134272,429568,-174080,-1183744,20123648,0}"")",{4},{1.2.c654b77e.1},"(""{{2,0,1},{0,0,2}}"",16,{2},0.6931471805599453,1.1.1.1,""{1,0,0,1}"",1.1.1.1)","(""{{1,0,1/2},{0,0,1}}"",1,{2},,1.1.1.1,""{1,0,0,1}"",1.1.1.1)",,"(""{{2,0,1},{0,0,2}}"",16,{2},0.6931471805599453,1.1.1.1,""{1,1,0,2}"",1.1.1.1)",,monic centered,t,f,f,f,f,1,,,,,,
1.2.8fa6a703.1,2,1.1.1.1,1,"(""{2,-12/5,0}"",""{12,912/25,1024/25,9216/625,0}"",""{56,161088/125,2143232/125,2230820864/15625,11749097472/15625,4439815749632/1953125,5436042379264/1953125,-653610455138304/244140625,0}"")",{4},{1.2.c654b77e.1},"(""{{5,0,-3},{0,0,5}}"",625,{5},1.6094379124341003,1.1.1.1,""{1,0,0,1}"",1.1.1.1)","(""{{1,0,-3/5},{0,0,1}}"",1,{5},,1.1.1.1,""{1,0,0,1}"",1.1.1.1)",,"(""{{5,0,-3},{0,0,5}}"",625,{5},1.6094379124341003,1.1.1.1,""{1,-2,0,5}"",1.1.1.1)",,monic centered,t,f,f,f,f,1,,,,,,
1.3.207a4af6.1,3,1.1.1.1,1,"(""{12,21,-98,0}"",""{108,3420,27912,101574,201456,234588,160920,60417,9604,0}"",""{918,309933,53308944,6407954118,578243939724,42009828204006,2519201789711208,128613496920698115,5652503530637238570,217972135130275716687,7404277573900479751416,224794570986254277688356,6082576761487866837767208,148760059333627539027977796,3247432329082979408564280528,64549850791996484802146655927,1131020263491598584751093165386,18208270593475072609088289101115,247111099840774972428806306416320,3174897253910836150027628772037686,29317277931031046737294735838804748,296414237312142208035125584032759798,685560593926469123410387964607384264,7923316478869987478075706676114294053,-238300070707963506464297320339064159946,-498954416624948132157811360486814741079,-20379361414370280363334002608158214096072,0}"")",{1},{},"(""{{1,0,-2,0},{0,0,0,1}}"",1,{},0.6931471805599453,1.1.1.1,""{1,0,0,1}"",1.1.1.1)","(""{{1,0,-2,0},{0,0,0,1}}"",1,{},,1.1.1.1,""{1,0,0,1}"",1.1.1.1)",,"(""{{1,0,-2,0},{0,0,0,1}}"",1,{},0.6931471805599453,1.1.1.1,""{1,0,0,1}"",1.1.1.1)",,monic centered,t,f,f,f,f,2,,,,,,
1.2.c3da6343.1,2,1.1.1.1,1,"(""{2,-2,0}"",""{12,40,48,16,0}"",""{56,1312,17472,144000,738816,2164736,2609152,-1404928,0}"")",{4},{1.2.c654b77e.1},"(""{{2,0,-1},{0,0,2}}"",16,{2},0.6931471805599453,1.1.1.1,""{1,0,0,1}"",1.1.1.1)","(""{{1,0,-1/2},{0,0,1}}"",1,{2},,1.1.1.1,""{1,0,0,1}"",1.1.1.1)",,"(""{{2,0,-1},{0,0,2}}"",16,{2},0.6931471805599453,1.1.1.1,""{1,0,0,2}"",1.1.1.1)",,monic centered,t,f,f,f,f,1,,,,,,
1.2.342a1a75.1,2,1.1.1.1,1,"(""{2,20/3,0}"",""{12,-368/9,-1024/9,409600/81,0}"",""{56,68288/27,931840/27,50708480/243,-16754802688/729,-2326585409536/19683,-3282707677184/19683,87623043383296000/531441,0}"")",{4},{1.2.c654b77e.1},"(""{{3,0,5},{0,0,3}}"",81,{3},1.6094379124341003,1.1.1.1,""{1,0,0,1}"",1.1.1.1)","(""{{1,0,5/3},{0,0,1}}"",1,{3},,1.1.1.1,""{1,0,0,1}"",1.1.1.1)",,"(""{{3,0,5},{0,0,3}}"",81,{3},1.6094379124341003,1.1.1.1,""{1,1,0,3}"",1.1.1.1)",,monic centered,t,f,f,f,f,1,,,,,,
1.2.81d622c8.1,2,1.1.1.1,1,"(""{2,-20/3,0}"",""{12,-368/9,-1024/9,25600/81,0}"",""{56,4288/27,35840/27,-1515520/243,-18546688/729,-4710465536/19683,-8529117184/19683,-719323136000/531441,0}"")",{4},{1.2.c654b77e.1},"(""{{3,0,-5},{0,0,3}}"",81,{3},1.6094379124341003,1.1.1.1,""{1,0,0,1}"",1.1.1.1)","(""{{1,0,-5/3},{0,0,1}}"",1,{3},,1.1.1.1,""{1,0,0,1}"",1.1.1.1)",,"(""{{3,0,-5},{0,0,3}}"",81,{3},1.6094379124341003,1.1.1.1,""{1,-2,0,3}"",1.1.1.1)",,monic centered,t,f,f,f,f,1,,,,,,
1.3.9a82bd54.1,3,1.1.1.1,1,"(""{6,9,27,0}"",""{72,2268,43011,485514,2539107,-6908733,-186535791,-344373768,6198727824,0}"",""{702,236925,51352947,7972677882,934601708538,85094585885916,6114557623400838,351247164628569903,16513833775940662473,672513322881885139746,26217652562110290683646,1046758035331013008865427,40387813285648953704637204,1372876992901389888649265148,41049758499432210575092976337,1192025657252185866900063752589,36626036129075507480872211161809,1099568670371316288221286278235447,27884743769061512299378490825092374,602741227405658102640206256134410560,12971596762987492177241199625131904896,314161374744379989373448158812750403413,7379062960176765220565113691927747305779,108618020054777926604106675840767065409862,1280320080387064387763912766807692123819862,2262805369504221740045917865049521902973709,235655016338368235499067731945871638181119123,0}"")",{1},{1.3.ccc0a6ff.1},"(""{{1,0,0,1},{0,0,0,1}}"",1,{},0,1.1.1.1,""{1,0,0,1}"",1.1.1.1)","(""{{1,0,0,1},{0,0,0,1}}"",1,{},,1.1.1.1,""{1,0,0,1}"",1.1.1.1)",,"(""{{1,0,0,1},{0,0,0,1}}"",1,{},0,1.1.1.1,""{1,0,0,1}"",1.1.1.1)",,monic centered,t,f,f,f,f,1,,,,,,
1.2.108da26c.1,2,1.1.1.1,1,"(""{2,16/5,0}"",""{12,688/25,576/25,331776/625,0}"",""{56,184384/125,2469376/125,1634185216/15625,-11238735872/15625,-21664468566016/1953125,-38473702572032/1953125,97193874031640576/244140625,0}"")",{4},{1.2.c654b77e.1},"(""{{5,0,4},{0,0,5}}"",625,{5},1.6094379124341003,1.1.1.1,""{1,0,0,1}"",1.1.1.1)","(""{{1,0,4/5},{0,0,1}}"",1,{5},,1.1.1.1,""{1,0,0,1}"",1.1.1.1)",,"(""{{5,0,4},{0,0,5}}"",625,{5},1.6094379124341003,1.1.1.1,""{1,3,0,5}"",1.1.1.1)",,monic centered,t,f,f,f,f,1,,,,,,
1.2.22725afe.1,2,1.1.1.1,1,"(""{2,-16/5,0}"",""{12,688/25,576/25,4096/625,0}"",""{56,151616/125,2010624/125,2103422976/15625,11620220928/15625,4503492100096/1953125,5557496840192/1953125,-1902199139467264/244140625,0}"")",{4},{1.2.c654b77e.1},"(""{{5,0,-4},{0,0,5}}"",625,{5},1.6094379124341003,1.1.1.1,""{1,0,0,1}"",1.1.1.1)","(""{{1,0,-4/5},{0,0,1}}"",1,{5},,1.1.1.1,""{1,0,0,1}"",1.1.1.1)",,"(""{{5,0,-4},{0,0,5}}"",625,{5},1.6094379124341003,1.1.1.1,""{1,-2,0,5}"",1.1.1.1)",,monic centered,t,f,f,f,f,1,,,,,,
1.3.fda31d86.1,3,1.1.1.1,1,"(""{6,9,27/4,0}"",""{72,2268,655371/16,1843641/4,52140267/16,3513356451/256,1908404631/64,7533176175/256,242137805625/4096,0}"",""{702,236925,3275428347/64,127127595933/16,30199240581759/32,91273503738051963/1024,7034795177488932753/1024,225293197069009158291/512,1555433977139511692500701/65536,71342499887133857849757681/65536,5605142823817535111050790631/131072,12130753451297226768290551208067/8388608,22141570998329295209489103529419/524288,8948170925983229526054506896043949/8388608,12506504631563128018838889610388414169/536870912,117786785123548279821755125306674594135/268435456,3808485905756917288150104351872333619861/536870912,1677339375659177650825375308389951688793947/17179869184,19405673267206037396376000863855684795725935/17179869184,46270105091209476042159975347835980299217511/4294967296,90300476421587536608703462129532974120144425189/1099511627776,522036354727690129102425089000510235262102228827/1099511627776,4124085341757390028041152913229389391041248089125/2199023255552,1062788330841754797555823888359209836878058346317473/281474976710656,-261506597972827616814735195438634497562238604753039/140737488355328,-2671276304520381470172226335154952014518155842868511/281474976710656,1356349108730799786756717809303090518622320319766701643/18014398509481984,0}"")",{1},{1.3.ccc0a6ff.1},"(""{{2,0,0,1},{0,0,0,2}}"",64,{2},0.6931471805599453,1.1.1.1,""{1,0,0,1}"",1.1.1.1)","(""{{1,0,0,1/2},{0,0,0,1}}"",1,{2},,1.1.1.1,""{1,0,0,1}"",1.1.1.1)",,"(""{{2,0,0,1},{0,0,0,2}}"",64,{2},0.6931471805599453,1.1.1.1,""{0,-1,1,0}"",1.1.1.1)",,monic centered,t,f,f,f,f,1,,,,,,
1.2.7aeec79a.1,2,1.1.1.1,1,"(""{2,5,0}"",""{12,-2,-36,2025,0}"",""{56,1844,24920,44110,-6942872,-72914492,-124937848,12895213625,0}"")",{4},{1.2.c654b77e.1},"(""{{4,0,5},{0,0,4}}"",256,{2},1.6094379124341003,1.1.1.1,""{1,0,0,1}"",1.1.1.1)","(""{{1,0,5/4},{0,0,1}}"",1,{2},,1.1.1.1,""{1,0,0,1}"",1.1.1.1)",,"(""{{4,0,5},{0,0,4}}"",256,{},1.6094379124341003,1.1.1.1,""{2,1,0,2}"",1.1.1.1)",,monic centered,t,f,f,f,f,1,,,,,,
1.2.5be03fec.1,2,1.1.1.1,1,"(""{2,-5,0}"",""{12,-2,-36,25,0}"",""{56,844,10920,70110,409128,484508,-27848,-25672375,0}"")",{4},{1.2.c654b77e.1},"(""{{4,0,-5},{0,0,4}}"",256,{2},1.6094379124341003,1.1.1.1,""{1,0,0,1}"",1.1.1.1)","(""{{1,0,-5/4},{0,0,1}}"",1,{2},,1.1.1.1,""{1,0,0,1}"",1.1.1.1)",,"(""{{4,0,-5},{0,0,4}}"",256,{2},1.6094379124341003,1.1.1.1,""{1,-1,0,2}"",1.1.1.1)",,monic centered,t,f,f,f,f,1,,,,,,
1.3.14e68d04.1,3,1.1.1.1,1,"(""{12,21,-71,0}"",""{108,3420,86151,1617894,14712687,179276583,-380527983,-1247630616,2290005316,0}"",""{918,309933,109148157,22634820522,4617245696382,675572847989814,86891058115114140,9411339209137005699,774447299944893520635,66936468572238642366438,3918380201080973802853002,299450427023638257867054891,12706096670711253967647219660,892019906748745496177502028644,26584783877363097924082299257559,1805432570734496722415087192564193,35973364345554853929323742954331239,2337663352200148527420347957732343861,28016391510030105829022534397286077528,1660144390164821888626202857909085050602,14132451964577953189330575220414645817154,192566776775475636244761687412550840384505,617356600987502620613218005426009904030377,4068567752342985438569536967787988948048164,-16133344784936297846549579080714637650089528,-42892423173429215521776610407142691891515779,-552175542424589835102069491352827900613852263,0}"")",{1},{},"(""{{1,0,-2,1},{0,0,0,1}}"",1,{},0.6931471805599453,1.1.1.1,""{1,0,0,1}"",1.1.1.1)","(""{{1,0,-2,1},{0,0,0,1}}"",1,{},,1.1.1.1,""{1,0,0,1}"",1.1.1.1)",,"(""{{1,0,-2,1},{0,0,0,1}}"",1,{},0.6931471805599453,1.1.1.1,""{1,0,0,1}"",1.1.1.1)",,monic centered,t,f,f,f,f,1,,,,,,
1.3.fd1640cc.1,3,1.1.1.1,1,"(""{6,9,108,0}"",""{72,2268,75816,879174,-8975448,-257217444,-12741829416,-24751864575,3874204890000,0}"",""{702,236925,62513208,9713678598,350629891452,-177299887426938,-65899137302166888,-9766141391869348797,-246194260197396661854,100599156379275193827711,29549724647533694146014768,3329911083502629929012254884,-118577959499538915776897791032,-32957722570155435323102799129852,-3940308289886214206129004402920208,-481317946301124230425225346341054665,28209835240898663211373650830649178338,4432568871344502297901593789967782474603,216671819802490568296765937734744221955800,36323185329402772413890631426943351939935606,-2482537198517479048854991387610576613576785796,-222061032657653815488980664185340625837540067178,-7210525474376670315271320351621745431395444013960,-1444108114989610090607889947298673825064956935342747,112119002783882220880225479412428332772033284996866302,228542582968207333993967971931935408209582097410207609,448774282745994447783235688478184991539838239157731315392,0}"")",{1},{1.3.ccc0a6ff.1},"(""{{1,0,0,2},{0,0,0,1}}"",1,{},0.6931471805599453,1.1.1.1,""{1,0,0,1}"",1.1.1.1)","(""{{1,0,0,2},{0,0,0,1}}"",1,{},,1.1.1.1,""{1,0,0,1}"",1.1.1.1)",,"(""{{1,0,0,2},{0,0,0,1}}"",1,{},0.6931471805599453,1.1.1.1,""{1,0,0,1}"",1.1.1.1)",,monic centered,t,f,f,f,f,1,,,,,,
1.2.48ef6639.1,2,1.1.1.1,1,"(""{2,2/3,0}"",""{12,424/9,560/9,784/81,0}"",""{56,36320/27,484288/27,34772864/243,496899584/729,35289282560/19683,39982182400/19683,76225024000/531441,0}"")",{4},{1.2.c654b77e.1},"(""{{6,0,1},{0,0,6}}"",1296,""{2,3}"",1.791759469228055,1.1.1.1,""{1,0,0,1}"",1.1.1.1)","(""{{1,0,1/6},{0,0,1}}"",1,""{2,3}"",,1.1.1.1,""{1,0,0,1}"",1.1.1.1)",,"(""{{6,0,1},{0,0,6}}"",1296,""{2,3}"",1.791759469228055,1.1.1.1,""{1,3,0,6}"",1.1.1.1)",,monic centered,t,f,f,f,f,1,,,,,,
1.3.f0a5cca7.1,3,1.1.1.1,1,"(""{9,15,-25,0}"",""{81,2556,40764,362502,1844838,5231100,7689276,5479425,1500625,0}"",""{729,246051,51587595,7601489550,843569202654,73713963318210,5232444270246450,308701076046394635,15403080030554411475,658765995981138096201,24399527675853027655809,788741434228880102000436,22378713851309280892910100,559369713625668397496738700,12341510556750151187474815020,240391089012254780487609333639,4126786748042162513211505559151,62199659895913909146340402109445,817808757950020851871650545995485,9287733390239306190456732000252510,89767672121095211333696857173433134,721895669775017525023654236263134866,4658886712422502607631343221994726530,22636714077692482580294926913622877005,72180629711544928617447423023434684869,91956799027640437393728497088303795375,-192254864993106459030500427459045015625,0}"")",{1},{},"(""{{1,0,-1,0},{0,0,0,1}}"",1,{},0,1.1.1.1,""{1,0,0,1}"",1.1.1.1)","(""{{1,0,-1,0},{0,0,0,1}}"",1,{},,1.1.1.1,""{1,0,0,1}"",1.1.1.1)",,"(""{{1,0,-1,0},{0,0,0,1}}"",1,{},0,1.1.1.1,""{1,0,0,1}"",1.1.1.1)",,monic centered,t,f,f,f,f,2,,,,,,
1.2.9b181448.1,2,1.1.1.1,1,"(""{2,-2/3,0}"",""{12,424/9,560/9,400/81,0}"",""{56,36256/27,483392/27,34872704/243,504512000/729,36583204864/19683,41988755456/19683,-28540399616/531441,0}"")",{4},{1.2.c654b77e.1},"(""{{6,0,-1},{0,0,6}}"",1296,""{2,3}"",1.791759469228055,1.1.1.1,""{1,0,0,1}"",1.1.1.1)","(""{{1,0,-1/6},{0,0,1}}"",1,""{2,3}"",,1.1.1.1,""{1,0,0,1}"",1.1.1.1)",,"(""{{6,0,-1},{0,0,6}}"",1296,""{2,3}"",1.791759469228055,1.1.1.1,""{1,0,0,6}"",1.1.1.1)",,monic centered,t,f,f,f,f,1,,,,,,
1.2.154de0d3.1,2,1.1.1.1,1,"(""{2,24,0}"",""{12,-1104,-2240,451584,0}"",""{56,56640,792064,1232580608,-4699029504,15412131266560,30843286323200,93033571811328000,0}"")",{4},{1.2.c654b77e.1},"(""{{1,0,6},{0,0,1}}"",1,{},1.791759469228055,1.1.1.1,""{1,0,0,1}"",1.1.1.1)","(""{{1,0,6},{0,0,1}}"",1,{},,1.1.1.1,""{1,0,0,1}"",1.1.1.1)",,"(""{{1,0,6},{0,0,1}}"",1,{},1.791759469228055,1.1.1.1,""{1,0,0,1}"",1.1.1.1)",,monic centered,t,f,f,f,f,1,,,,,,
1.3.0055c590.1,3,1.1.1.1,1,"(""{3,3,28,0}"",""{81,2556,43599,443421,1209636,-21681069,-211991229,-356073471,20931144976,0}"",""{675,227799,51701013,8827413507,1190765904327,129736962021348,11478726827233371,813383590629536505,44026208488009014726,1564930266568690534794,8603855697499708479282,-3234034494837658798024491,-232914849282452868153974055,-6977864908723850158843667376,94413612086333533038316734018,18174677712477483975328340493750,665469960187410699702073170681600,-1337452376338451355097550812886688,-1015365488820854889220997039980107111,-29619168047102407249116324530741659248,353735095140574398649264504328586471960,36617991609575352403986600169670688771066,496754113702944996340638285524638270372947,-26392301112794941704615063797298214339738272,-181787562592513260268936003932381465751328817,-282591973709561459606794441827484446921238119,168344129193474905147964023061946338986277041728,0}"")",{1},{},"(""{{1,0,1,1},{0,0,0,1}}"",1,{},0,1.1.1.1,""{1,0,0,1}"",1.1.1.1)","(""{{1,0,1,1},{0,0,0,1}}"",1,{},,1.1.1.1,""{1,0,0,1}"",1.1.1.1)",,"(""{{1,0,1,1},{0,0,0,1}}"",1,{},0,1.1.1.1,""{1,0,0,1}"",1.1.1.1)",,monic centered,t,f,f,f,f,1,,,,,,
1.2.ae141c9e.1,2,1.1.1.1,1,"(""{2,-24,0}"",""{12,-1104,-2240,230400,0}"",""{56,-53952,-756224,869838848,3426385920,-5560386977792,-11127570300928,11987605776236544,0}"")",{4},{1.2.c654b77e.1},"(""{{1,0,-6},{0,0,1}}"",1,{},1.791759469228055,1.1.1.1,""{1,0,0,1}"",1.1.1.1)","(""{{1,0,-6},{0,0,1}}"",1,{},,1.1.1.1,""{1,0,0,1}"",1.1.1.1)",,"(""{{1,0,-6},{0,0,1}}"",1,{},1.791759469228055,1.1.1.1,""{1,-1,0,1}"",1.1.1.1)",,monic centered,t,f,f,f,f,1,,,,,,
1.2.4645b86f.1,2,1.1.1.1,1,"(""{2,10/3,0}"",""{12,232/9,176/9,48400/81,0}"",""{56,40288/27,539840/27,24260480/243,-691890688/729,-264345921536/19683,-466587357184/19683,283334482432000/531441,0}"")",{4},{1.2.c654b77e.1},"(""{{6,0,5},{0,0,6}}"",1296,""{2,3}"",1.791759469228055,1.1.1.1,""{1,0,0,1}"",1.1.1.1)","(""{{1,0,5/6},{0,0,1}}"",1,""{2,3}"",,1.1.1.1,""{1,0,0,1}"",1.1.1.1)",,"(""{{6,0,5},{0,0,6}}"",1296,""{2,3}"",1.791759469228055,1.1.1.1,""{1,3,0,6}"",1.1.1.1)",,monic centered,t,f,f,f,f,1,,,,,,
1.2.392c40e2.1,2,1.1.1.1,1,"(""{2,-10/3,0}"",""{12,232/9,176/9,400/81,0}"",""{56,32288/27,427840/27,32132480/243,536141312/729,44666046464/19683,54889762816/19683,-4809692672000/531441,0}"")",{4},{1.2.c654b77e.1},"(""{{6,0,-5},{0,0,6}}"",1296,""{2,3}"",1.791759469228055,1.1.1.1,""{1,0,0,1}"",1.1.1.1)","(""{{1,0,-5/6},{0,0,1}}"",1,""{2,3}"",,1.1.1.1,""{1,0,0,1}"",1.1.1.1)",,"(""{{6,0,-5},{0,0,6}}"",1296,""{2,3}"",1.791759469228055,1.1.1.1,""{1,-3,0,6}"",1.1.1.1)",,monic centered,t,f,f,f,f,1,,,,,,
1.3.4ab2ca28.1,3,1.1.1.1,1,"(""{12,21,-365/4,0}"",""{108,3420,672987/16,1020357/2,26882019/16,1986836115/256,-5220320589/64,-46596955329/256,3160981747225/4096,0}"",""{918,309933,4220818803/64,87694493049/8,42780688181847/32,142873041490490997/1024,5684570222041464093/512,798503248119823706961/1024,2736746816242064546129439/65536,66158788176592875488554191/32768,9640205611622066524928597577/131072,20653170323269867804128447098631/8388608,248837274973833231761900875656621/4194304,11262030344314630367532544745328753/8388608,10541876973620106032236873109241250245/536870912,38298788099634313089300848415105409119/134217728,1216528526664917067698641695678464180097/536870912,329488522783008233534784739875055596701961/17179869184,85407729178703882405485086373856433319161/8589934592,-5979397098310696429230673509909490272813885/17179869184,-9495624709935456291147790586655132210008679717/1099511627776,-25149492980624308509979092746825197605809279751/549755813888,-317053966405137048349540446402600727885121565729/2199023255552,-78953317079044972542648086193910938991047829797639/281474976710656,-51678330373349042686344963723976311173518998953469/140737488355328,-81722453175412406636549393539074598931886063067359/281474976710656,-2299281099025479624770674588806680678567870691057125/18014398509481984,0}"")",{1},{},"(""{{2,0,-4,1},{0,0,0,2}}"",64,{2},1.3862943611198906,1.1.1.1,""{1,0,0,1}"",1.1.1.1)","(""{{1,0,-2,1/2},{0,0,0,1}}"",1,{2},,1.1.1.1,""{1,0,0,1}"",1.1.1.1)",,"(""{{2,0,-4,1},{0,0,0,2}}"",64,{2},1.3862943611198906,1.1.1.1,""{1,0,0,1}"",1.1.1.1)",,monic centered,t,f,f,f,f,1,,,,,,
1.2.48bfca1f.1,2,1.1.1.1,1,"(""{2,24/5,0}"",""{12,48/25,-704/25,1115136/625,0}"",""{56,223296/125,3014144/125,736833536/15625,-91056340992/15625,-122703414820864/1953125,-211107581001728/1953125,2233378481117331456/244140625,0}"")",{4},{1.2.c654b77e.1},"(""{{5,0,6},{0,0,5}}"",625,{5},1.791759469228055,1.1.1.1,""{1,0,0,1}"",1.1.1.1)","(""{{1,0,6/5},{0,0,1}}"",1,{5},,1.1.1.1,""{1,0,0,1}"",1.1.1.1)",,"(""{{5,0,6},{0,0,5}}"",625,{5},1.791759469228055,1.1.1.1,""{1,3,0,5}"",1.1.1.1)",,monic centered,t,f,f,f,f,1,,,,,,
1.2.431eff40.1,2,1.1.1.1,1,"(""{2,-24/5,0}"",""{12,48/25,-704/25,9216/625,0}"",""{56,112704/125,1465856/125,1258827776/15625,7326302208/15625,1541944377344/1953125,861235314688/1953125,-6106811732066304/244140625,0}"")",{4},{1.2.c654b77e.1},"(""{{5,0,-6},{0,0,5}}"",625,{5},1.791759469228055,1.1.1.1,""{1,0,0,1}"",1.1.1.1)","(""{{1,0,-6/5},{0,0,1}}"",1,{5},,1.1.1.1,""{1,0,0,1}"",1.1.1.1)",,"(""{{5,0,-6},{0,0,5}}"",625,{5},1.791759469228055,1.1.1.1,""{1,-3,0,5}"",1.1.1.1)",,monic centered,t,f,f,f,f,1,,,,,,
1.2.4382e269.1,2,1.1.1.1,1,"(""{2,4/7,0}"",""{12,2320/49,3072/49,16384/2401,0}"",""{56,461248/343,878592/49,16847290368/117649,80490135552/117649,73022021304320/40353607,83026480463872/40353607,1131105524645888/13841287201,0}"")",{4},{1.2.c654b77e.1},"(""{{7,0,1},{0,0,7}}"",2401,{7},1.9459101490553132,1.1.1.1,""{1,0,0,1}"",1.1.1.1)","(""{{1,0,1/7},{0,0,1}}"",1,{7},,1.1.1.1,""{1,0,0,1}"",1.1.1.1)",,"(""{{7,0,1},{0,0,7}}"",2401,{7},1.9459101490553132,1.1.1.1,""{1,3,0,7}"",1.1.1.1)",,monic centered,t,f,f,f,f,1,,,,,,
1.2.c4e4d992.1,2,1.1.1.1,1,"(""{2,-4/7,0}"",""{12,2320/49,3072/49,9216/2401,0}"",""{56,460736/343,877568/49,16877854720/117649,81261297664/117649,74674843942912/40353607,85584389341184/40353607,-485439400050688/13841287201,0}"")",{4},{1.2.c654b77e.1},"(""{{7,0,-1},{0,0,7}}"",2401,{7},1.9459101490553132,1.1.1.1,""{1,0,0,1}"",1.1.1.1)","(""{{1,0,-1/7},{0,0,1}}"",1,{7},,1.1.1.1,""{1,0,0,1}"",1.1.1.1)",,"(""{{7,0,-1},{0,0,7}}"",2401,{7},1.9459101490553132,1.1.1.1,""{1,0,0,7}"",1.1.1.1)",,monic centered,t,f,f,f,f,1,,,,,,
1.2.e5d8f044.1,2,1.1.1.1,1,"(""{2,28,0}"",""{12,-1520,-3072,802816,0}"",""{56,89152,1247232,3112058880,-8799780864,59382284681216,118803411238912,520898418638323712,0}"")",{4},{1.2.c654b77e.1},"(""{{1,0,7},{0,0,1}}"",1,{},1.9459101490553132,1.1.1.1,""{1,0,0,1}"",1.1.1.1)","(""{{1,0,7},{0,0,1}}"",1,{},,1.1.1.1,""{1,0,0,1}"",1.1.1.1)",,"(""{{1,0,7},{0,0,1}}"",1,{},1.9459101490553132,1.1.1.1,""{1,1,0,1}"",1.1.1.1)",,monic centered,t,f,f,f,f,1,,,,,,
1.2.8983e2d9.1,2,1.1.1.1,1,"(""{2,-28,0}"",""{12,-1520,-3072,451584,0}"",""{56,-86464,-1211392,2316869632,8486453248,-24897030717440,-49810247778304,90998698397401088,0}"")",{4},{1.2.c654b77e.1},"(""{{1,0,-7},{0,0,1}}"",1,{},1.9459101490553132,1.1.1.1,""{1,0,0,1}"",1.1.1.1)","(""{{1,0,-7},{0,0,1}}"",1,{},,1.1.1.1,""{1,0,0,1}"",1.1.1.1)",,"(""{{1,0,-7},{0,0,1}}"",1,{},1.9459101490553132,1.1.1.1,""{1,-2,0,1}"",1.1.1.1)",,monic centered,t,f,f,f,f,1,,,,,,
1.2.e0fcd4b0.1,2,1.1.1.1,1,"(""{2,8/7,0}"",""{12,2224/49,2880/49,82944/2401,0}"",""{56,463040/343,882176/49,16691802112/117649,76482248704/117649,63521597685760/40353607,67922925977600/40353607,17285582422016000/13841287201,0}"")",{4},{1.2.c654b77e.1},"(""{{7,0,2},{0,0,7}}"",2401,{7},1.9459101490553132,1.1.1.1,""{1,0,0,1}"",1.1.1.1)","(""{{1,0,2/7},{0,0,1}}"",1,{7},,1.1.1.1,""{1,0,0,1}"",1.1.1.1)",,"(""{{7,0,2},{0,0,7}}"",2401,{7},1.9459101490553132,1.1.1.1,""{1,3,0,7}"",1.1.1.1)",,monic centered,t,f,f,f,f,1,,,,,,
1.2.45411569.1,2,1.1.1.1,1,"(""{2,-8/7,0}"",""{12,2224/49,2880/49,25600/2401,0}"",""{56,458944/343,873984/49,16928059392/117649,82816696320/117649,77921373126656/40353607,90559316230144/40353607,-3376080115204096/13841287201,0}"")",{4},{1.2.c654b77e.1},"(""{{7,0,-2},{0,0,7}}"",2401,{7},1.9459101490553132,1.1.1.1,""{1,0,0,1}"",1.1.1.1)","(""{{1,0,-2/7},{0,0,1}}"",1,{7},,1.1.1.1,""{1,0,0,1}"",1.1.1.1)",,"(""{{7,0,-2},{0,0,7}}"",2401,{7},1.9459101490553132,1.1.1.1,""{1,-1,0,7}"",1.1.1.1)",,monic centered,t,f,f,f,f,1,,,,,,
1.2.37791c1d.1,2,1.1.1.1,1,"(""{2,14,0}"",""{12,-344,-720,63504,0}"",""{56,12320,171584,45232768,-495778304,132558899200,266785280000,267089984000000,0}"")",{4},{1.2.c654b77e.1},"(""{{2,0,7},{0,0,2}}"",16,{2},1.9459101490553132,1.1.1.1,""{1,0,0,1}"",1.1.1.1)","(""{{1,0,7/2},{0,0,1}}"",1,{2},,1.1.1.1,""{1,0,0,1}"",1.1.1.1)",,"(""{{2,0,7},{0,0,2}}"",16,{2},1.9459101490553132,1.1.1.1,""{1,1,0,2}"",1.1.1.1)",,monic centered,t,f,f,f,f,1,,,,,,
1.3.47ada038.1,3,1.1.1.1,1,"(""{9/2,6,2,0}"",""{297/4,2340,327111/8,6937299/16,183087009/64,92073309/8,104521185/4,27237672,5345344,0}"",""{5589/8,943137/4,6544627047/128,2046494948373/256,1963398660849747/2048,187604826425698923/2048,234354003083354617569/32768,950837645706446701845/2048,831326121378987013957035/32768,9643057362093119946425829/8192,6114662362190466285277461687/131072,6492568415322194093066797791/4096,3031767267061887569334153293523/65536,38006863902049926948771011922693/32768,13078926911935752497182509187862079/524288,15033285182061908460351494436573981/32768,3763472600295929619568319058031565043/524288,12433668998318636560536597032738066955/131072,2198330285390827701568141040759262761865/2097152,626165075280835101755628819404418700971/65536,577526760212779175271465439533496057821/8192,419967429277665521321175437732410592157/1024,463196892035557182599724836342067638139/256,91068685736215336250190448932538777413/16,22854803261783343863589758341119061413/2,11329964731092865280828334284342359116,1248379736418371807174116928235971528,0}"")",{1},{},"(""{{2,0,1,0},{0,0,0,2}}"",64,{2},0.6931471805599453,1.1.1.1,""{1,0,0,1}"",1.1.1.1)","(""{{1,0,1/2,0},{0,0,0,1}}"",1,{2},,1.1.1.1,""{1,0,0,1}"",1.1.1.1)",,"(""{{2,0,1,0},{0,0,0,2}}"",64,{2},0.6931471805599453,1.1.1.1,""{0,-1,1,0}"",1.1.1.1)",,monic centered,t,f,f,f,f,2,,,,,,
1.2.7b45df48.1,2,1.1.1.1,1,"(""{2,-14,0}"",""{12,-344,-720,19600,0}"",""{56,-9632,-135744,23280768,116067840,-21405755392,-43065970688,6543400177664,0}"")",{4},{1.2.c654b77e.1},"(""{{2,0,-7},{0,0,2}}"",16,{2},1.9459101490553132,1.1.1.1,""{1,0,0,1}"",1.1.1.1)","(""{{1,0,-7/2},{0,0,1}}"",1,{2},,1.1.1.1,""{1,0,0,1}"",1.1.1.1)",,"(""{{2,0,-7},{0,0,2}}"",16,{2},1.9459101490553132,1.1.1.1,""{1,-2,0,2}"",1.1.1.1)",,monic centered,t,f,f,f,f,1,,,,,,
1.2.4d41cdad.1,2,1.1.1.1,1,"(""{2,12/7,0}"",""{12,2064/49,2560/49,230400/2401,0}"",""{56,467904/343,891904/49,16215990272/117649,63194726400/117649,28704348307456/40353607,11271850164224/40353607,120424978892980224/13841287201,0}"")",{4},{1.2.c654b77e.1},"(""{{7,0,3},{0,0,7}}"",2401,{7},1.9459101490553132,1.1.1.1,""{1,0,0,1}"",1.1.1.1)","(""{{1,0,3/7},{0,0,1}}"",1,{7},,1.1.1.1,""{1,0,0,1}"",1.1.1.1)",,"(""{{7,0,3},{0,0,7}}"",2401,{7},1.9459101490553132,1.1.1.1,""{1,4,0,7}"",1.1.1.1)",,monic centered,t,f,f,f,f,1,,,,,,
1.2.e95c8f28.1,2,1.1.1.1,1,"(""{2,-12/7,0}"",""{12,2064/49,2560/49,36864/2401,0}"",""{56,454080/343,864256/49,16966909952/117649,85502459904/117649,83893599600640/40353607,99830045081600/40353607,-11629196476416000/13841287201,0}"")",{4},{1.2.c654b77e.1},"(""{{7,0,-3},{0,0,7}}"",2401,{7},1.9459101490553132,1.1.1.1,""{1,0,0,1}"",1.1.1.1)","(""{{1,0,-3/7},{0,0,1}}"",1,{7},,1.1.1.1,""{1,0,0,1}"",1.1.1.1)",,"(""{{7,0,-3},{0,0,7}}"",2401,{7},1.9459101490553132,1.1.1.1,""{1,-2,0,7}"",1.1.1.1)",,monic centered,t,f,f,f,f,1,,,,,,
1.2.44d16770.1,2,1.1.1.1,1,"(""{2,28/3,0}"",""{12,-1136/9,-2560/9,1254400/81,0}"",""{56,124096/27,1713152/27,741515264/243,-66856222720/729,50932726104064/19683,107515347992576/19683,2211145129136226304/531441,0}"")",{4},{1.2.c654b77e.1},"(""{{3,0,7},{0,0,3}}"",81,{3},1.9459101490553132,1.1.1.1,""{1,0,0,1}"",1.1.1.1)","(""{{1,0,7/3},{0,0,1}}"",1,{3},,1.1.1.1,""{1,0,0,1}"",1.1.1.1)",,"(""{{3,0,7},{0,0,3}}"",81,{3},1.9459101490553132,1.1.1.1,""{1,1,0,3}"",1.1.1.1)",,monic centered,t,f,f,f,f,1,,,,,,
1.2.8cce5e9c.1,2,1.1.1.1,1,"(""{2,-28/3,0}"",""{12,-1136/9,-2560/9,200704/81,0}"",""{56,-51520/27,-745472/27,193593344/243,3345219584/729,-2450221957120/19683,-5106198118400/19683,3534034567168000/531441,0}"")",{4},{1.2.c654b77e.1},"(""{{3,0,-7},{0,0,3}}"",81,{3},1.9459101490553132,1.1.1.1,""{1,0,0,1}"",1.1.1.1)","(""{{1,0,-7/3},{0,0,1}}"",1,{3},,1.1.1.1,""{1,0,0,1}"",1.1.1.1)",,"(""{{3,0,-7},{0,0,3}}"",81,{3},1.9459101490553132,1.1.1.1,""{1,-3,0,3}"",1.1.1.1)",,monic centered,t,f,f,f,f,1,,,,,,
1.2.6bdbc984.1,2,1.1.1.1,1,"(""{2,16/7,0}"",""{12,1840/49,2112/49,495616/2401,0}"",""{56,477376/343,910848/49,15229071360/117649,32148455424/117649,-61755895840768/40353607,-139127397810176/40353607,607318343199752192/13841287201,0}"")",{4},{1.2.c654b77e.1},"(""{{7,0,4},{0,0,7}}"",2401,{7},1.9459101490553132,1.1.1.1,""{1,0,0,1}"",1.1.1.1)","(""{{1,0,4/7},{0,0,1}}"",1,{7},,1.1.1.1,""{1,0,0,1}"",1.1.1.1)",,"(""{{7,0,4},{0,0,7}}"",2401,{7},1.9459101490553132,1.1.1.1,""{1,4,0,7}"",1.1.1.1)",,monic centered,t,f,f,f,f,1,,,,,,
1.2.47c429b7.1,2,1.1.1.1,1,"(""{2,-16/7,0}"",""{12,1840/49,2112/49,36864/2401,0}"",""{56,444608/343,845312/49,16854888448/117649,88108859392/117649,90605183303680/40353607,110488853676032/40353607,-31068121603244032/13841287201,0}"")",{4},{1.2.c654b77e.1},"(""{{7,0,-4},{0,0,7}}"",2401,{7},1.9459101490553132,1.1.1.1,""{1,0,0,1}"",1.1.1.1)","(""{{1,0,-4/7},{0,0,1}}"",1,{7},,1.1.1.1,""{1,0,0,1}"",1.1.1.1)",,"(""{{7,0,-4},{0,0,7}}"",2401,{7},1.9459101490553132,1.1.1.1,""{1,-3,0,7}"",1.1.1.1)",,monic centered,t,f,f,f,f,1,,,,,,
1.2.32efc84f.1,2,1.1.1.1,1,"(""{2,7,0}"",""{12,-50,-132,5929,0}"",""{56,2716,37128,319662,-28082712,-85834420,-86311784,259327904633,0}"")",{4},{1.2.c654b77e.1},"(""{{4,0,7},{0,0,4}}"",256,{2},1.9459101490553132,1.1.1.1,""{1,0,0,1}"",1.1.1.1)","(""{{1,0,7/4},{0,0,1}}"",1,{2},,1.1.1.1,""{1,0,0,1}"",1.1.1.1)",,"(""{{4,0,7},{0,0,4}}"",256,{2},1.9459101490553132,1.1.1.1,""{1,1,0,2}"",1.1.1.1)",,monic centered,t,f,f,f,f,1,,,,,,
1.2.751d2996.1,2,1.1.1.1,1,"(""{2,-7,0}"",""{12,-50,-132,441,0}"",""{56,-28,-1288,-4130,-6104,-4844,-2008,-343,0}"")",{4},{1.2.c654b77e.1},"(""{{4,0,-7},{0,0,4}}"",256,{2},1.9459101490553132,1.1.1.1,""{1,0,0,1}"",1.1.1.1)","(""{{1,0,-7/4},{0,0,1}}"",1,{2},,1.1.1.1,""{1,0,0,1}"",1.1.1.1)",,"(""{{4,0,-7},{0,0,4}}"",256,{},1.9459101490553132,1.1.1.1,""{2,-1,0,2}"",1.1.1.1)",,monic centered,t,f,f,f,f,1,,,,,,
1.2.043b148a.1,2,1.1.1.1,1,"(""{2,20/7,0}"",""{12,1552/49,1536/49,921600/2401,0}"",""{56,492992/343,942080/49,13598064640/117649,-28229500928/117649,-255496093958144/40353607,-466834199412736/40353607,2519008903430144000/13841287201,0}"")",{4},{1.2.c654b77e.1},"(""{{7,0,5},{0,0,7}}"",2401,{7},1.9459101490553132,1.1.1.1,""{1,0,0,1}"",1.1.1.1)","(""{{1,0,5/7},{0,0,1}}"",1,{7},,1.1.1.1,""{1,0,0,1}"",1.1.1.1)",,"(""{{7,0,5},{0,0,7}}"",2401,{7},1.9459101490553132,1.1.1.1,""{1,3,0,7}"",1.1.1.1)",,monic centered,t,f,f,f,f,1,,,,,,
1.2.33e463d0.1,2,1.1.1.1,1,"(""{2,-20/7,0}"",""{12,1552/49,1536/49,25600/2401,0}"",""{56,428992/343,814080/49,16386416640/117649,88809603072/117649,94292410105856/40353607,116617079947264/40353607,-70670388035584000/13841287201,0}"")",{4},{1.2.c654b77e.1},"(""{{7,0,-5},{0,0,7}}"",2401,{7},1.9459101490553132,1.1.1.1,""{1,0,0,1}"",1.1.1.1)","(""{{1,0,-5/7},{0,0,1}}"",1,{7},,1.1.1.1,""{1,0,0,1}"",1.1.1.1)",,"(""{{7,0,-5},{0,0,7}}"",2401,{7},1.9459101490553132,1.1.1.1,""{1,-3,0,7}"",1.1.1.1)",,monic centered,t,f,f,f,f,1,,,,,,
1.2.1f5c0a28.1,2,1.1.1.1,1,"(""{2,28/5,0}"",""{12,-368/25,-1536/25,1806336/625,0}"",""{56,255808/125,3469312/125,839286784/15625,-174777171968/15625,-203804413001728/1953125,-341895551123456/1953125,8369581554774573056/244140625,0}"")",{4},{1.2.c654b77e.1},"(""{{5,0,7},{0,0,5}}"",625,{5},1.9459101490553132,1.1.1.1,""{1,0,0,1}"",1.1.1.1)","(""{{1,0,7/5},{0,0,1}}"",1,{5},,1.1.1.1,""{1,0,0,1}"",1.1.1.1)",,"(""{{5,0,7},{0,0,5}}"",625,{5},1.9459101490553132,1.1.1.1,""{1,3,0,5}"",1.1.1.1)",,monic centered,t,f,f,f,f,1,,,,,,
1.2.55f19680.1,2,1.1.1.1,1,"(""{2,-28/5,0}"",""{12,-368/25,-1536/25,50176/625,0}"",""{56,80192/125,1010688/125,572350464/15625,3367698432/15625,-590411988992/1953125,-2229727657984/1953125,-5252054436020224/244140625,0}"")",{4},{1.2.c654b77e.1},"(""{{5,0,-7},{0,0,5}}"",625,{5},1.9459101490553132,1.1.1.1,""{1,0,0,1}"",1.1.1.1)","(""{{1,0,-7/5},{0,0,1}}"",1,{5},,1.1.1.1,""{1,0,0,1}"",1.1.1.1)",,"(""{{5,0,-7},{0,0,5}}"",625,{5},1.9459101490553132,1.1.1.1,""{1,-4,0,5}"",1.1.1.1)",,monic centered,t,f,f,f,f,1,,,,,,
1.2.92d434a2.1,2,1.1.1.1,1,"(""{2,24/7,0}"",""{12,1200/49,832/49,1557504/2401,0}"",""{56,516288/343,988672/49,11330367488/117649,-132936204288/117649,-616889931530240/40353607,-1085165365362688/40353607,9055515745827422208/13841287201,0}"")",{4},{1.2.c654b77e.1},"(""{{7,0,6},{0,0,7}}"",2401,{7},1.9459101490553132,1.1.1.1,""{1,0,0,1}"",1.1.1.1)","(""{{1,0,6/7},{0,0,1}}"",1,{7},,1.1.1.1,""{1,0,0,1}"",1.1.1.1)",,"(""{{7,0,6},{0,0,7}}"",2401,{7},1.9459101490553132,1.1.1.1,""{1,3,0,7}"",1.1.1.1)",,monic centered,t,f,f,f,f,1,,,,,,
1.2.f408f241.1,2,1.1.1.1,1,"(""{2,-24/7,0}"",""{12,1200/49,832/49,9216/2401,0}"",""{56,405696/343,767488/49,15331143680/117649,85657288704/117649,90134909550592/40353607,110273383890944/40353607,-138695812703059968/13841287201,0}"")",{4},{1.2.c654b77e.1},"(""{{7,0,-6},{0,0,7}}"",2401,{7},1.9459101490553132,1.1.1.1,""{1,0,0,1}"",1.1.1.1)","(""{{1,0,-6/7},{0,0,1}}"",1,{7},,1.1.1.1,""{1,0,0,1}"",1.1.1.1)",,"(""{{7,0,-6},{0,0,7}}"",2401,{7},1.9459101490553132,1.1.1.1,""{1,-4,0,7}"",1.1.1.1)",,monic centered,t,f,f,f,f,1,,,,,,
1.3.54127a93.1,3,1.1.1.1,1,"(""{15/2,12,-8,0}"",""{297/4,2340,327111/8,6937299/16,183087009/64,92073309/8,104521185/4,27237672,5345344,0}"",""{5643/8,952263/4,6556023945/128,2021165036181/256,1902647387840301/2048,177791410808478135/2048,216784695020489025039/32768,1716139721148678245295/4096,732493323753230035379265/32768,2078425567066474197080541/2048,5176061470366969401909870849/131072,2710962390655323707186369187/2048,2512842959696384847393065864025/65536,31495234341346858080717999589791/32768,10929680924529414447722054224075617/524288,25590051399547584079223650353934695/65536,3299056965647443600999840027678402953/524288,5683429542053177481935540566724604195/65536,2125019778324801450803027470756849573935/2097152,1299437519468921186022779733150167342727/131072,2615044079226303631528424959960573358553/32768,527601038171181466410674730682025312853/1024,1314110019119456717613712641193653701745/512,296213667682018112017863952781124938727/32,171334576074489722637880097801189219751/8,23170736349365036746123909085406447600,-3249701984499362683455217057368699392,0}"")",{1},{},"(""{{2,0,-1,0},{0,0,0,2}}"",64,{2},0.6931471805599453,1.1.1.1,""{1,0,0,1}"",1.1.1.1)","(""{{1,0,-1/2,0},{0,0,0,1}}"",1,{2},,1.1.1.1,""{1,0,0,1}"",1.1.1.1)",,"(""{{2,0,-1,0},{0,0,0,2}}"",64,{2},0.6931471805599453,1.1.1.1,""{1,0,0,1}"",1.1.1.1)",,monic centered,t,f,f,f,f,2,,,,,,
1.2.3b94d44b.1,2,1.1.1.1,1,"(""{2,14/3,0}"",""{12,40/9,-208/9,132496/81,0}"",""{56,47264/27,637504/27,12225920/243,-3759325696/729,-1111166113792/19683,-1915990175744/19683,3846867354652672/531441,0}"")",{4},{1.2.c654b77e.1},"(""{{6,0,7},{0,0,6}}"",1296,""{2,3}"",1.9459101490553132,1.1.1.1,""{1,0,0,1}"",1.1.1.1)","(""{{1,0,7/6},{0,0,1}}"",1,""{2,3}"",,1.1.1.1,""{1,0,0,1}"",1.1.1.1)",,"(""{{6,0,7},{0,0,6}}"",1296,""{2,3}"",1.9459101490553132,1.1.1.1,""{1,3,0,6}"",1.1.1.1)",,monic centered,t,f,f,f,f,1,,,,,,
1.2.8c6fe6cc.1,2,1.1.1.1,1,"(""{2,-14/3,0}"",""{12,40/9,-208/9,784/81,0}"",""{56,25312/27,330176/27,21182336/243,369055232/729,19490437120/19683,14850142208/19683,-12826049933312/531441,0}"")",{4},{1.2.c654b77e.1},"(""{{6,0,-7},{0,0,6}}"",1296,""{2,3}"",1.9459101490553132,1.1.1.1,""{1,0,0,1}"",1.1.1.1)","(""{{1,0,-7/6},{0,0,1}}"",1,""{2,3}"",,1.1.1.1,""{1,0,0,1}"",1.1.1.1)",,"(""{{6,0,-7},{0,0,6}}"",1296,""{2,3}"",1.9459101490553132,1.1.1.1,""{1,-4,0,6}"",1.1.1.1)",,monic centered,t,f,f,f,f,1,,,,,,
1.2.aeee7e54.1,2,1.1.1.1,1,"(""{0,0,-2}"",""{0,0,4,0,0}"",""{0,72,-168,1728,-8064,23232,-96768,225792,-175616}"")",,{},"(""{{2,2,2},{-1,2,2}}"",36,""{2,3}"",0.6931471805599453,1.1.1.1,""{1,0,0,1}"",1.1.1.1)",,,"(""{{2,2,2},{-1,2,2}}"",36,""{2,3}"",0.6931471805599453,1.1.1.1,""{1,0,0,1}"",1.1.1.1)",,reduced,f,f,f,f,f,1,,,,,,
1.2.3820c4e8.1,2,1.1.1.1,1,"(""{0,1,-2}"",""{0,-2,4,9,4}"",""{0,76,-168,1974,-8344,28588,-103704,276689,-195112}"")",,{},"(""{{2,2,2},{-1,2,1}}"",28,""{2,7}"",0.6931471805599453,1.1.1.1,""{1,0,0,1}"",1.1.1.1)",,,"(""{{2,2,2},{-1,2,1}}"",28,{7},0.6931471805599453,1.1.1.1,""{-1,-1,1,-1}"",1.1.1.1)",,reduced,f,f,f,f,f,1,,,,,,
1.2.0aca8230.1,2,1.1.1.1,1,"(""{0,-1,-2}"",""{0,-2,4,-7,4}"",""{0,68,-168,1494,-7784,18404,-90072,181521,-157464}"")",,{},"(""{{2,2,2},{-1,2,3}}"",52,""{2,13}"",1.0986122886681098,1.1.1.1,""{1,0,0,1}"",1.1.1.1)",,,"(""{{2,2,2},{-1,2,3}}"",52,""{2,13}"",1.0986122886681098,1.1.1.1,""{1,0,0,1}"",1.1.1.1)",,reduced,f,f,f,f,f,1,,,,,,
1.2.b9b1f40d.1,2,1.1.1.1,1,"(""{0,1/2,-2}"",""{0,-1/2,4,65/16,1}"",""{0,145/2,-168,56259/32,-8099,3055633/128,-780975/8,949370625/4096,-11390625/64}"")",,{},"(""{{4,4,4},{-2,4,3}}"",496,""{2,31}"",1.3862943611198906,1.1.1.1,""{1,0,0,1}"",1.1.1.1)",,,"(""{{4,4,4},{-2,4,3}}"",496,""{2,31}"",1.3862943611198906,1.1.1.1,""{1,0,0,1}"",1.1.1.1)",,reduced,f,f,f,f,f,1,,,,,,
1.2.8e747a82.1,2,1.1.1.1,1,"(""{0,-1/2,-2}"",""{0,-1/2,4,-63/16,1}"",""{0,143/2,-168,54339/32,-8029,2892815/128,-767343/8,900741377/4096,-11089567/64}"")",,{},"(""{{4,4,4},{-2,4,5}}"",688,""{2,43}"",1.6094379124341003,1.1.1.1,""{1,0,0,1}"",1.1.1.1)",,,"(""{{4,4,4},{-2,4,5}}"",688,""{2,43}"",1.6094379124341003,1.1.1.1,""{1,0,0,1}"",1.1.1.1)",,reduced,f,f,f,f,f,1,,,,,,
1.2.d45c3ead.1,2,1.1.1.1,1,"(""{0,2,-2}"",""{0,-8,4,32,16}"",""{0,104,-168,4032,-10304,82880,-158976,870912,-373248}"")",,{},"(""{{2,2,2},{-1,2,0}}"",28,""{2,7}"",0.6931471805599453,1.1.1.1,""{1,0,0,1}"",1.1.1.1)",,,"(""{{2,2,2},{-1,2,0}}"",28,""{2,7}"",0.6931471805599453,1.1.1.1,""{1,0,0,1}"",1.1.1.1)",,reduced,f,f,f,f,f,1,,,,,,
1.2.11c0ba35.1,2,1.1.1.1,1,"(""{0,-2,-2}"",""{0,-8,4,0,16}"",""{0,40,-168,192,-5824,-2624,-49920,12800,-64000}"")",,{},"(""{{2,2,2},{-1,2,4}}"",76,""{2,19}"",1.3862943611198906,1.1.1.1,""{1,0,0,1}"",1.1.1.1)",,,"(""{{2,2,2},{-1,2,4}}"",76,""{2,19}"",1.3862943611198906,1.1.1.1,""{-1,0,0,-1}"",1.1.1.1)",,reduced,f,f,f,f,f,1,,,,,,
1.2.640ced45.1,2,1.1.1.1,1,"(""{1,0,-1}"",""{5,10,13,12,4}"",""{19,231,1587,7729,19086,29464,-43009,171462,-68921}"")",,{},"(""{{2,1,1},{-1,3,1}}"",23,{23},1.0986122886681098,1.1.1.1,""{1,0,0,1}"",1.1.1.1)",,,"(""{{2,1,1},{-1,3,1}}"",23,{23},1.0986122886681098,1.1.1.1,""{0,-1,1,1}"",1.1.1.1)",,reduced,f,f,f,f,f,1,,,,,,
1.2.b5f302b7.1,2,1.1.1.1,1,"(""{1,1,-1}"",""{5,6,10,33,9}"",""{19,226,1336,4640,-5722,-57058,-201488,765919,-117649}"")",,{},"(""{{2,1,1},{-1,3,0}}"",22,""{2,11}"",1.0986122886681098,1.1.1.1,""{1,0,0,1}"",1.1.1.1)",,,"(""{{2,1,1},{-1,3,0}}"",22,""{2,11}"",1.0986122886681098,1.1.1.1,""{-1,0,1,-1}"",1.1.1.1)",,reduced,f,f,f,f,f,1,,,,,,
1.2.94f82211.1,2,1.1.1.1,1,"(""{1,-1,-1}"",""{5,10,10,5,1}"",""{19,248,1904,10914,37806,88016,29192,-99179,-68921}"")",,{},"(""{{2,1,1},{-1,3,2}}"",32,{2},1.0986122886681098,1.1.1.1,""{1,0,0,1}"",1.1.1.1)",,,"(""{{2,1,1},{-1,3,2}}"",32,{2},1.0986122886681098,1.1.1.1,""{-2,-1,2,-1}"",1.1.1.1)",,reduced,f,f,f,f,f,1,,,,,,
1.2.e3ffb141.1,2,1.1.1.1,1,"(""{1,1/2,-1}"",""{5,17/2,49/4,305/16,25/4}"",""{19,451/2,11515/8,194781/32,499371/64,-1123685/128,-54073013/512,1397422873/4096,-42508549/512}"")",,{},"(""{{4,2,2},{-2,6,1}}"",344,""{2,43}"",1.791759469228055,1.1.1.1,""{1,0,0,1}"",1.1.1.1)",,,"(""{{4,2,2},{-2,6,1}}"",344,""{2,43}"",1.791759469228055,1.1.1.1,""{-1,0,1,-1}"",1.1.1.1)",,reduced,f,f,f,f,f,1,,,,,,
1.2.c8048f58.1,2,1.1.1.1,1,"(""{1,-1/2,-1}"",""{5,21/2,49/4,129/16,9/4}"",""{19,479/2,14009/8,300949/32,1861031/64,7914847/128,405365/512,240478345/4096,-33698267/512}"")",,{},"(""{{4,2,2},{-2,6,3}}"",424,""{2,53}"",1.791759469228055,1.1.1.1,""{1,0,0,1}"",1.1.1.1)",,,"(""{{4,2,2},{-2,6,3}}"",424,""{2,53}"",1.791759469228055,1.1.1.1,""{0,-1,1,1}"",1.1.1.1)",,reduced,f,f,f,f,f,1,,,,,,
1.2.56381d65.1,2,1.1.1.1,1,"(""{1,2,-1}"",""{5,-2,1,104,16}"",""{19,257,1373,3597,-45786,-185116,-581845,5948380,-357911}"")",,{},"(""{{2,1,1},{-1,3,-1}}"",29,{29},1.0986122886681098,1.1.1.1,""{1,0,0,1}"",1.1.1.1)",,,"(""{{2,1,1},{-1,3,-1}}"",29,{29},1.0986122886681098,1.1.1.1,""{1,0,0,1}"",1.1.1.1)",,reduced,f,f,f,f,f,1,,,,,,
